// Generated by tools/gen_fonts.py from Inter (SIL OFL 1.1) - do not edit.
#include "pod_fonts.h"

static const uint8_t pod_font_title_bm[16851] = {
    0x04,0xff,0xa0,0x04,0xff,0xa0,0x04,0xff,0xa0,0x03,0xff,0x90,0x03,0xff,0x90,0x03,0xff,0x90,0x02,0xff,0x90,0x02,0xff,0x80,
    0x02,0xff,0x80,0x02,0xff,0x80,0x00,0x00,0x00,0x02,0xce,0x60,0x06,0xff,0xc0,0x02,0xce,0x60,0x02,0xff,0x81,0xff,0x90,0x01,
    0xff,0x70,0xff,0x80,0x00,0xff,0x70,0xff,0x70,0x00,0xff,0x60,0xef,0x70,0x00,0xef,0x50,0xdf,0x60,0x00,0xdf,0x50,0xcf,0x50,
    0x00,0x00,0x00,0x00,0x00,0x00,0x00,0x00,0x00,0x00,0x00,0x00,0x00,0x00,0x00,0x00,0x00,0x00,0x00,0x00,0x00,0x00,0x00,0x00,
    0x00,0x00,0x00,0x00,0x00,0x00,0x00,0x00,0x00,0x00,0x00,0x00,0x00,0x00,0x00,0x00,0x00,0x04,0xfc,0x00,0x6f,0xa0,0x00,0x00,
    0x07,0xfa,0x00,0x9f,0x70,0x00,0x00,0x0a,0xf7,0x00,0xcf,0x50,0x00,0x0b,0xff,0xff,0xff,0xff,0xff,0x10,0x0d,0xff,0xff,0xff,
    0xff,0xfd,0x00,0x04,0x6f,0xf4,0x48,0xfd,0x43,0x00,0x00,0x4f,0xc0,0x07,0xfa,0x00,0x00,0x00,0x7f,0xa0,0x09,0xf8,0x00,0x00,
    0x8f,0xff,0xff,0xff,0xff,0xf4,0x00,0xaf,0xff,0xff,0xff,0xff,0xf1,0x00,0x34,0xef,0x64,0x5f,0xf5,0x40,0x00,0x01,0xff,0x10,
    0x3f,0xd0,0x00,0x00,0x03,0xfd,0x00,0x6f,0xb0,0x00,0x00,0x06,0xfb,0x00,0x8f,0x90,0x00,0x00,0x00,0x00,0x04,0xd0,0x00,0x00,
    0x00,0x00,0x04,0xd0,0x00,0x00,0x00,0x06,0xcf,0xfe,0xb4,0x00,0x00,0xbf,0xff,0xff,0xff,0x70,0x07,0xff,0xd9,0xe8,0xff,0xf2,
    0x0c,0xff,0x34,0xd0,0x7f,0xf6,0x0c,0xff,0x44,0xd0,0x00,0x00,0x08,0xff,0xfb,0xd1,0x00,0x00,0x00,0xbf,0xff,0xff,0xb5,0x00,
    0x00,0x05,0xae,0xff,0xff,0x90,0x00,0x00,0x04,0xe9,0xff,0xf5,0x16,0x63,0x04,0xd0,0x5f,0xf9,0x2f,0xfc,0x04,0xd0,0x5f,0xf9,
    0x0c,0xff,0xb8,0xe7,0xef,0xf5,0x03,0xef,0xff,0xff,0xff,0xb0,0x00,0x29,0xdf,0xfe,0xc7,0x00,0x00,0x00,0x04,0xd0,0x00,0x00,
    0x00,0x00,0x04,0xd0,0x00,0x00,0x00,0x3b,0xfd,0x80,0x00,0x00,0x1d,0xe1,0x00,0x00,0x00,0xdf,0xff,0xf6,0x00,0x00,0x9f,0x40,
    0x00,0x00,0x04,0xfd,0x59,0xfb,0x00,0x05,0xf9,0x00,0x00,0x00,0x04,0xfc,0x15,0xfb,0x00,0x1e,0xd1,0x00,0x00,0x00,0x01,0xff,
    0xff,0xf8,0x00,0xaf,0x40,0x00,0x00,0x00,0x00,0x6f,0xff,0xc1,0x05,0xf9,0x00,0x00,0x00,0x00,0x00,0x01,0x43,0x00,0x1e,0xd1,
    0x01,0x42,0x00,0x00,0x00,0x00,0x00,0x00,0xaf,0x30,0x7f,0xff,0x80,0x00,0x00,0x00,0x00,0x06,0xf8,0x02,0xff,0xff,0xf4,0x00,
    0x00,0x00,0x00,0x2e,0xd0,0x06,0xfb,0x19,0xf8,0x00,0x00,0x00,0x00,0xbf,0x30,0x07,0xf8,0x06,0xf9,0x00,0x00,0x00,0x06,0xf8,
    0x00,0x05,0xfc,0x5c,0xf7,0x00,0x00,0x00,0x2e,0xc0,0x00,0x01,0xef,0xff,0xf2,0x00,0x00,0x00,0xbf,0x30,0x00,0x00,0x3c,0xfd,
    0x50,0x00,0x00,0x06,0xcf,0xe9,0x10,0x00,0x00,0x00,0x6f,0xff,0xff,0xb0,0x00,0x00,0x00,0xdf,0xd5,0x8f,0xf3,0x00,0x00,0x00,
    0xff,0x60,0x0f,0xf3,0x00,0x00,0x00,0xdf,0xa0,0x8f,0xe0,0x00,0x00,0x00,0x5f,0xfc,0xfe,0x40,0x00,0x00,0x00,0x1e,0xff,0xd2,
    0x00,0x00,0x00,0x02,0xdf,0xff,0xf4,0x08,0xfc,0x00,0x0c,0xff,0x6d,0xfe,0x3b,0xfb,0x00,0x2f,0xf9,0x02,0xef,0xdf,0xf8,0x00,
    0x3f,0xf9,0x00,0x3e,0xff,0xf2,0x00,0x0e,0xff,0x75,0x7e,0xff,0xc0,0x00,0x05,0xff,0xff,0xff,0xff,0xf7,0x00,0x00,0x3a,0xef,
    0xd9,0x29,0xff,0x40,0x02,0xff,0x80,0x01,0xff,0x70,0x00,0xff,0x70,0x00,0xff,0x60,0x00,0xef,0x50,0x00,0xdf,0x50,0x00,0x00,
    0x00,0x00,0x00,0x00,0x00,0x00,0x00,0x00,0x00,0x00,0x00,0x00,0x00,0x00,0x00,0x00,0x00,0x00,0x00,0x00,0x00,0x00,0x00,0x04,
    0xff,0x50,0x00,0x0c,0xfe,0x10,0x00,0x3f,0xf9,0x00,0x00,0x7f,0xf5,0x00,0x00,0xbf,0xf1,0x00,0x00,0xef,0xd0,0x00,0x03,0xff,
    0xa0,0x00,0x05,0xff,0x80,0x00,0x06,0xff,0x70,0x00,0x06,0xff,0x60,0x00,0x05,0xff,0x70,0x00,0x04,0xff,0x90,0x00,0x01,0xff,
    0xb0,0x00,0x00,0xdf,0xf0,0x00,0x00,0x9f,0xf4,0x00,0x00,0x3f,0xf9,0x00,0x00,0x0c,0xfe,0x00,0x00,0x04,0xff,0x50,0x3f,0xf7,
    0x00,0x00,0x0c,0xfe,0x00,0x00,0x07,0xff,0x50,0x00,0x02,0xff,0x90,0x00,0x00,0xef,0xd0,0x00,0x00,0xaf,0xf2,0x00,0x00,0x7f,
    0xf5,0x00,0x00,0x6f,0xf7,0x00,0x00,0x5f,0xf8,0x00,0x00,0x4f,0xf9,0x00,0x00,0x5f,0xf8,0x00,0x00,0x6f,0xf7,0x00,0x00,0x9f,
    0xf4,0x00,0x00,0xcf,0xf1,0x00,0x01,0xff,0xb0,0x00,0x06,0xff,0x60,0x00,0x0c,0xfe,0x10,0x00,0x3f,0xf7,0x00,0x00,0x00,0x00,
    0x8f,0x30,0x00,0x00,0x00,0x71,0x7f,0x23,0x40,0x00,0x04,0xfd,0xaf,0x9f,0xd0,0x00,0x00,0x6d,0xff,0xfa,0x30,0x00,0x00,0x4b,
    0xff,0xf8,0x10,0x00,0x04,0xfe,0xbf,0xaf,0xd0,0x00,0x00,0x92,0x7f,0x25,0x60,0x00,0x00,0x00,0x8f,0x30,0x00,0x00,0x00,0x00,
    0x00,0x00,0x00,0x00,0x00,0x00,0x00,0x00,0x00,0x00,0x00,0x00,0x00,0x00,0x00,0x00,0x00,0x00,0x00,0x00,0x00,0x00,0x00,0x00,
    0x00,0x00,0x00,0x00,0x00,0x00,0x00,0x00,0x00,0x00,0x00,0x00,0x0b,0xf9,0x00,0x00,0x00,0x00,0x00,0x0b,0xf9,0x00,0x00,0x00,
    0x00,0x00,0x0b,0xf9,0x00,0x00,0x00,0x00,0x00,0x0b,0xf9,0x00,0x00,0x00,0x04,0xff,0xff,0xff,0xff,0xf3,0x00,0x04,0xff,0xff,
    0xff,0xff,0xf3,0x00,0x01,0x44,0x4c,0xfb,0x44,0x41,0x00,0x00,0x00,0x0b,0xf9,0x00,0x00,0x00,0x00,0x00,0x0b,0xf9,0x00,0x00,
    0x00,0x00,0x00,0x0b,0xf9,0x00,0x00,0x00,0x00,0x00,0x00,0x00,0x00,0x00,0x00,0x02,0xff,0x80,0x04,0xff,0x40,0x06,0xfe,0x00,
    0x08,0xfb,0x00,0x0a,0xf6,0x00,0x0c,0xf2,0x00,0x03,0x44,0x44,0x42,0x00,0x0b,0xff,0xff,0xf9,0x00,0x0b,0xff,0xff,0xf9,0x00,
    0x00,0x00,0x00,0x00,0x00,0x00,0x00,0x00,0x00,0x00,0x00,0x00,0x00,0x00,0x00,0x00,0x00,0x00,0x00,0x00,0x00,0x00,0x00,0x00,
    0x00,0x01,0xce,0x50,0x06,0xff,0xb0,0x01,0xce,0x50,0x00,0x00,0x38,0x70,0x00,0x00,0x8f,0xd0,0x00,0x00,0xcf,0x90,0x00,0x01,
    0xff,0x50,0x00,0x05,0xff,0x20,0x00,0x08,0xfd,0x00,0x00,0x0c,0xf9,0x00,0x00,0x1f,0xf5,0x00,0x00,0x5f,0xf1,0x00,0x00,0x9f,
    0xd0,0x00,0x00,0xcf,0x90,0x00,0x01,0xff,0x50,0x00,0x05,0xff,0x10,0x00,0x09,0xfc,0x00,0x00,0x0d,0xf8,0x00,0x00,0x1f,0xf5,
    0x00,0x00,0x5f,0xf1,0x00,0x00,0x9f,0xc0,0x00,0x00,0x00,0x03,0xae,0xfd,0x92,0x00,0x00,0x00,0x5f,0xff,0xff,0xfe,0x30,0x00,
    0x02,0xef,0xf8,0x59,0xff,0xd0,0x00,0x08,0xff,0x70,0x00,0xaf,0xf5,0x00,0x0d,0xff,0x10,0x00,0x4f,0xfa,0x00,0x0f,0xfd,0x00,
    0x00,0x1f,0xfc,0x00,0x1f,0xfc,0x00,0x00,0x0e,0xfe,0x00,0x1f,0xfc,0x00,0x00,0x0e,0xfe,0x00,0x0f,0xfd,0x00,0x00,0x1f,0xfd,
    0x00,0x0d,0xff,0x10,0x00,0x4f,0xfa,0x00,0x08,0xff,0x70,0x00,0xaf,0xf6,0x00,0x02,0xef,0xf8,0x59,0xff,0xd0,0x00,0x00,0x5f,
    0xff,0xff,0xfe,0x30,0x00,0x00,0x03,0xae,0xfd,0x92,0x00,0x00,0x00,0x1a,0xff,0xe0,0x03,0xdf,0xff,0xe0,0x1e,0xfe,0xef,0xe0,
    0x2f,0xc2,0xdf,0xe0,0x27,0x00,0xdf,0xe0,0x00,0x00,0xdf,0xe0,0x00,0x00,0xdf,0xe0,0x00,0x00,0xdf,0xe0,0x00,0x00,0xdf,0xe0,
    0x00,0x00,0xdf,0xe0,0x00,0x00,0xdf,0xe0,0x00,0x00,0xdf,0xe0,0x00,0x00,0xdf,0xe0,0x00,0x00,0xdf,0xe0,0x00,0x17,0xce,0xec,
    0x60,0x00,0x01,0xcf,0xff,0xff,0xfa,0x00,0x08,0xff,0xb5,0x6d,0xff,0x60,0x0d,0xfe,0x10,0x03,0xff,0xa0,0x07,0x75,0x00,0x01,
    0xff,0xb0,0x00,0x00,0x00,0x05,0xff,0x70,0x00,0x00,0x00,0x2e,0xfe,0x10,0x00,0x00,0x02,0xdf,0xf4,0x00,0x00,0x00,0x3e,0xff,
    0x50,0x00,0x00,0x03,0xef,0xf5,0x00,0x00,0x00,0x4e,0xff,0x50,0x00,0x00,0x04,0xef,0xf9,0x44,0x44,0x40,0x0d,0xff,0xff,0xff,
    0xff,0xe0,0x0d,0xff,0xff,0xff,0xff,0xe0,0x00,0x17,0xce,0xfd,0x81,0x00,0x01,0xcf,0xff,0xff,0xfe,0x20,0x08,0xff,0xb5,0x5a,
    0xff,0xa0,0x07,0x99,0x00,0x00,0xef,0xd0,0x00,0x00,0x00,0x17,0xff,0x90,0x00,0x00,0x6f,0xff,0xe9,0x10,0x00,0x00,0x6f,0xff,
    0xd7,0x00,0x00,0x00,0x24,0x6b,0xff,0xa0,0x00,0x00,0x00,0x00,0xdf,0xf3,0x04,0x43,0x00,0x00,0x9f,0xf5,0x0e,0xfe,0x10,0x00,
    0xcf,0xf4,0x09,0xff,0xc6,0x5b,0xff,0xd0,0x01,0xcf,0xff,0xff,0xfe,0x30,0x00,0x07,0xce,0xed,0x81,0x00,0x00,0x00,0x00,0x9f,
    0xff,0x40,0x00,0x00,0x00,0x04,0xff,0xff,0x40,0x00,0x00,0x00,0x0d,0xff,0xff,0x40,0x00,0x00,0x00,0x8f,0xfa,0xff,0x40,0x00,
    0x00,0x03,0xff,0xa6,0xff,0x40,0x00,0x00,0x0c,0xfe,0x16,0xff,0x40,0x00,0x00,0x7f,0xf6,0x06,0xff,0x40,0x00,0x02,0xef,0xb0,
    0x06,0xff,0x40,0x00,0x0b,0xff,0x20,0x06,0xff,0x40,0x00,0x1f,0xff,0xff,0xff,0xff,0xff,0x00,0x1f,0xff,0xff,0xff,0xff,0xff,
    0x00,0x06,0x66,0x66,0x6a,0xff,0x86,0x00,0x00,0x00,0x00,0x07,0xff,0x40,0x00,0x00,0x00,0x00,0x07,0xff,0x40,0x00,0x04,0xff,
    0xff,0xff,0xff,0x30,0x05,0xff,0xff,0xff,0xff,0x30,0x06,0xff,0x64,0x44,0x44,0x10,0x08,0xff,0x00,0x00,0x00,0x00,0x09,0xfe,
    0x5c,0xfd,0x80,0x00,0x0b,0xfe,0xff,0xff,0xfb,0x00,0x0b,0xff,0xa5,0x7e,0xff,0x60,0x00,0x13,0x00,0x03,0xff,0xc0,0x00,0x00,
    0x00,0x00,0xdf,0xe0,0x04,0x42,0x00,0x00,0xdf,0xd0,0x0f,0xfd,0x00,0x03,0xff,0xa0,0x0a,0xff,0xb5,0x6e,0xff,0x40,0x01,0xdf,
    0xff,0xff,0xf8,0x00,0x00,0x18,0xde,0xeb,0x40,0x00,0x00,0x02,0x9d,0xfe,0xa3,0x00,0x00,0x3e,0xff,0xff,0xff,0x50,0x01,0xdf,
    0xe7,0x57,0xef,0xe1,0x07,0xff,0x50,0x00,0x35,0x51,0x0b,0xfd,0x19,0xee,0xb4,0x00,0x0f,0xfb,0xcf,0xff,0xff,0x50,0x1f,0xff,
    0xf7,0x5a,0xff,0xe0,0x2f,0xff,0x60,0x00,0xbf,0xf4,0x1f,0xff,0x00,0x00,0x5f,0xf6,0x0e,0xff,0x00,0x00,0x5f,0xf6,0x0a,0xff,
    0x60,0x00,0xbf,0xf3,0x03,0xff,0xf7,0x5a,0xff,0xc0,0x00,0x6f,0xff,0xff,0xfd,0x20,0x00,0x04,0xbe,0xfd,0x81,0x00,0x4f,0xff,
    0xff,0xff,0xff,0x50,0x4f,0xff,0xff,0xff,0xff,0x50,0x14,0x44,0x44,0x4d,0xff,0x30,0x00,0x00,0x00,0x3f,0xfb,0x00,0x00,0x00,
    0x00,0xbf,0xf4,0x00,0x00,0x00,0x03,0xff,0xc0,0x00,0x00,0x00,0x0a,0xff,0x40,0x00,0x00,0x00,0x3f,0xfc,0x00,0x00,0x00,0x00,
    0xaf,0xf4,0x00,0x00,0x00,0x02,0xff,0xc0,0x00,0x00,0x00,0x0a,0xff,0x50,0x00,0x00,0x00,0x2f,0xfc,0x00,0x00,0x00,0x00,0x9f,
    0xf5,0x00,0x00,0x00,0x02,0xff,0xc0,0x00,0x00,0x00,0x00,0x17,0xce,0xfd,0x92,0x00,0x01,0xcf,0xff,0xff,0xfe,0x40,0x07,0xff,
    0xc6,0x59,0xff,0xc0,0x09,0xff,0x30,0x00,0xdf,0xe0,0x04,0xff,0x91,0x15,0xff,0x90,0x00,0x6d,0xff,0xff,0xe9,0x00,0x00,0x5c,
    0xff,0xff,0xe9,0x10,0x05,0xff,0xd6,0x5a,0xff,0xb0,0x0d,0xff,0x20,0x00,0xbf,0xf4,0x1f,0xfd,0x00,0x00,0x8f,0xf7,0x0f,0xff,
    0x20,0x00,0xbf,0xf6,0x0a,0xff,0xd6,0x5a,0xff,0xe1,0x01,0xcf,0xff,0xff,0xff,0x50,0x00,0x07,0xce,0xfd,0x92,0x00,0x00,0x07,
    0xce,0xec,0x60,0x00,0x01,0xcf,0xff,0xff,0xfb,0x00,0x09,0xff,0xc5,0x5c,0xff,0x80,0x0e,0xfd,0x10,0x01,0xdf,0xe0,0x1f,0xfa,
    0x00,0x00,0x9f,0xf4,0x0f,0xfd,0x10,0x01,0xdf,0xf6,0x0b,0xff,0xc5,0x5c,0xff,0xf7,0x03,0xef,0xff,0xff,0x8f,0xf6,0x00,0x2a,
    0xee,0xb3,0x7f,0xf5,0x00,0x00,0x00,0x00,0xbf,0xf1,0x0d,0xfe,0x10,0x02,0xff,0xc0,0x07,0xff,0xc5,0x6d,0xff,0x40,0x00,0xbf,
    0xff,0xff,0xf7,0x00,0x00,0x07,0xce,0xeb,0x40,0x00,0x01,0xce,0x50,0x06,0xff,0xb0,0x01,0xce,0x50,0x00,0x00,0x00,0x00,0x00,
    0x00,0x00,0x00,0x00,0x00,0x00,0x00,0x01,0xce,0x50,0x06,0xff,0xb0,0x01,0xce,0x50,0x00,0xbe,0x70,0x00,0x03,0xff,0xe0,0x00,
    0x00,0xbe,0x70,0x00,0x00,0x00,0x00,0x00,0x00,0x00,0x00,0x00,0x00,0x00,0x00,0x00,0x00,0x00,0x00,0x00,0x00,0x00,0x00,0x00,
    0x02,0xff,0x80,0x00,0x04,0xff,0x40,0x00,0x06,0xfe,0x00,0x00,0x08,0xfb,0x00,0x00,0x0a,0xf6,0x00,0x00,0x0c,0xf2,0x00,0x00,
    0x00,0x00,0x00,0x00,0x03,0xa0,0x00,0x00,0x00,0x00,0x05,0xbf,0xf0,0x00,0x00,0x00,0x16,0xdf,0xff,0xe0,0x00,0x00,0x28,0xef,
    0xff,0xc6,0x10,0x00,0x05,0xff,0xff,0xa4,0x00,0x00,0x00,0x07,0xff,0xd2,0x00,0x00,0x00,0x00,0x05,0xff,0xff,0xa4,0x00,0x00,
    0x00,0x00,0x17,0xef,0xff,0xd7,0x10,0x00,0x00,0x00,0x06,0xcf,0xff,0xf0,0x00,0x00,0x00,0x00,0x04,0xbf,0xf0,0x00,0x00,0x00,
    0x00,0x00,0x02,0x90,0x00,0x03,0xff,0xff,0xff,0xff,0xf1,0x00,0x03,0xff,0xff,0xff,0xff,0xf1,0x00,0x01,0x44,0x44,0x44,0x44,
    0x40,0x00,0x00,0x00,0x00,0x00,0x00,0x00,0x00,0x01,0x44,0x44,0x44,0x44,0x40,0x00,0x03,0xff,0xff,0xff,0xff,0xf1,0x00,0x03,
    0xff,0xff,0xff,0xff,0xf1,0x00,0x00,0x00,0x00,0x00,0x00,0x00,0x00,0x00,0x00,0x00,0x00,0x00,0x00,0x00,0x01,0x92,0x00,0x00,
    0x00,0x00,0x00,0x01,0xff,0xb4,0x00,0x00,0x00,0x00,0x01,0xff,0xff,0xc6,0x00,0x00,0x00,0x00,0x17,0xdf,0xff,0xe7,0x10,0x00,
    0x00,0x00,0x04,0xaf,0xff,0xe4,0x00,0x00,0x00,0x00,0x03,0xef,0xf5,0x00,0x00,0x00,0x04,0xbf,0xff,0xe4,0x00,0x00,0x17,0xdf,
    0xff,0xd7,0x10,0x00,0x01,0xff,0xff,0xc5,0x00,0x00,0x00,0x01,0xff,0xa3,0x00,0x00,0x00,0x00,0x01,0x92,0x00,0x00,0x00,0x00,
    0x00,0x00,0x4b,0xef,0xd8,0x10,0x00,0x06,0xff,0xff,0xff,0xd1,0x00,0x1e,0xfe,0x75,0xcf,0xf8,0x00,0x3f,0xf8,0x00,0x3f,0xfa,
    0x00,0x00,0x00,0x00,0x5f,0xf9,0x00,0x00,0x00,0x04,0xef,0xf4,0x00,0x00,0x00,0x6f,0xff,0x60,0x00,0x00,0x02,0xff,0xd3,0x00,
    0x00,0x00,0x05,0xff,0x40,0x00,0x00,0x00,0x04,0xbb,0x10,0x00,0x00,0x00,0x00,0x00,0x00,0x00,0x00,0x00,0x05,0xed,0x20,0x00,
    0x00,0x00,0x0b,0xff,0x70,0x00,0x00,0x00,0x05,0xed,0x20,0x00,0x00,0x00,0x00,0x02,0x8c,0xef,0xed,0x95,0x00,0x00,0x00,0x00,
    0x00,0x8f,0xff,0xff,0xff,0xff,0xc3,0x00,0x00,0x00,0x0b,0xff,0xe9,0x65,0x57,0xbf,0xfe,0x30,0x00,0x00,0x8f,0xf9,0x10,0x00,
    0x00,0x03,0xdf,0xe1,0x00,0x02,0xff,0x90,0x08,0xdf,0xb5,0xfc,0x2e,0xf9,0x00,0x09,0xfe,0x10,0xaf,0xff,0xfe,0xfc,0x06,0xfe,
    0x00,0x0d,0xf9,0x04,0xff,0x95,0x8f,0xfc,0x01,0xff,0x40,0x0f,0xf5,0x09,0xfa,0x00,0x08,0xfc,0x00,0xef,0x50,0x1f,0xf4,0x0b,
    0xf6,0x00,0x05,0xfc,0x00,0xdf,0x60,0x2f,0xf4,0x0b,0xf5,0x00,0x04,0xfc,0x00,0xdf,0x50,0x1f,0xf5,0x09,0xf8,0x00,0x07,0xfc,
    0x00,0xff,0x30,0x0d,0xf8,0x05,0xfe,0x30,0x3e,0xfd,0x06,0xfd,0x00,0x0a,0xfe,0x00,0xbf,0xfe,0xfe,0xdf,0xef,0xf6,0x00,0x04,
    0xff,0x90,0x19,0xee,0xb3,0x4c,0xfd,0x60,0x00,0x00,0xaf,0xf9,0x10,0x00,0x00,0x00,0x00,0x00,0x00,0x00,0x1c,0xff,0xe9,0x65,
    0x56,0x8b,0x00,0x00,0x00,0x00,0x01,0x9f,0xff,0xff,0xff,0xff,0x40,0x00,0x00,0x00,0x00,0x03,0x8c,0xef,0xfd,0xa6,0x10,0x00,
    0x00,0x00,0x00,0x1e,0xff,0xf1,0x00,0x00,0x00,0x00,0x5f,0xff,0xf6,0x00,0x00,0x00,0x00,0xaf,0xed,0xfb,0x00,0x00,0x00,0x01,
    0xef,0xa9,0xff,0x20,0x00,0x00,0x05,0xff,0x65,0xff,0x70,0x00,0x00,0x0a,0xff,0x21,0xff,0xc0,0x00,0x00,0x1f,0xfc,0x00,0xbf,
    0xf2,0x00,0x00,0x5f,0xf7,0x00,0x6f,0xf7,0x00,0x00,0xaf,0xff,0xff,0xff,0xfc,0x00,0x01,0xff,0xff,0xff,0xff,0xff,0x30,0x06,
    0xff,0xa5,0x55,0x59,0xff,0x80,0x0b,0xff,0x40,0x00,0x02,0xff,0xd0,0x1f,0xfe,0x00,0x00,0x00,0xdf,0xf3,0x6f,0xfb,0x00,0x00,
    0x00,0x9f,0xf8,0x0b,0xff,0xff,0xfe,0xc6,0x00,0x00,0x0b,0xff,0xff,0xff,0xff,0x90,0x00,0x0b,0xff,0x54,0x58,0xff,0xf2,0x00,
    0x0b,0xff,0x10,0x00,0xaf,0xf4,0x00,0x0b,0xff,0x10,0x00,0xbf,0xf2,0x00,0x0b,0xff,0x54,0x59,0xff,0x80,0x00,0x0b,0xff,0xff,
    0xff,0xe7,0x00,0x00,0x0b,0xff,0xff,0xff,0xff,0xa0,0x00,0x0b,0xff,0x10,0x03,0xcf,0xf7,0x00,0x0b,0xff,0x10,0x00,0x3f,0xfc,
    0x00,0x0b,0xff,0x10,0x00,0x3f,0xfc,0x00,0x0b,0xff,0x54,0x46,0xdf,0xf8,0x00,0x0b,0xff,0xff,0xff,0xff,0xd1,0x00,0x0b,0xff,
    0xff,0xfe,0xd8,0x10,0x00,0x00,0x00,0x5b,0xef,0xda,0x30,0x00,0x00,0x1b,0xff,0xff,0xff,0xf8,0x00,0x00,0xbf,0xfc,0x65,0x8e,
    0xff,0x60,0x06,0xff,0xb0,0x00,0x03,0xff,0xd0,0x0b,0xff,0x30,0x00,0x00,0x9b,0xb2,0x0f,0xfd,0x00,0x00,0x00,0x00,0x00,0x1f,
    0xfc,0x00,0x00,0x00,0x00,0x00,0x1f,0xfc,0x00,0x00,0x00,0x00,0x00,0x0f,0xfd,0x00,0x00,0x00,0x00,0x00,0x0b,0xff,0x30,0x00,
    0x00,0x9c,0xc2,0x06,0xff,0xb0,0x00,0x03,0xff,0xd0,0x00,0xcf,0xfc,0x65,0x8e,0xff,0x50,0x00,0x1c,0xff,0xff,0xff,0xf7,0x00,
    0x00,0x00,0x6b,0xef,0xd9,0x30,0x00,0x0b,0xff,0xff,0xed,0x93,0x00,0x00,0x0b,0xff,0xff,0xff,0xff,0x80,0x00,0x0b,0xff,0x54,
    0x58,0xef,0xf8,0x00,0x0b,0xff,0x10,0x00,0x2d,0xff,0x20,0x0b,0xff,0x10,0x00,0x06,0xff,0x70,0x0b,0xff,0x10,0x00,0x02,0xff,
    0xa0,0x0b,0xff,0x10,0x00,0x00,0xff,0xc0,0x0b,0xff,0x10,0x00,0x00,0xff,0xc0,0x0b,0xff,0x10,0x00,0x02,0xff,0xa0,0x0b,0xff,
    0x10,0x00,0x06,0xff,0x70,0x0b,0xff,0x10,0x00,0x1d,0xff,0x20,0x0b,0xff,0x54,0x58,0xef,0xf8,0x00,0x0b,0xff,0xff,0xff,0xff,
    0x80,0x00,0x0b,0xff,0xff,0xed,0x93,0x00,0x00,0x0b,0xff,0xff,0xff,0xff,0x80,0x0b,0xff,0xff,0xff,0xff,0x80,0x0b,0xff,0x54,
    0x44,0x44,0x20,0x0b,0xff,0x10,0x00,0x00,0x00,0x0b,0xff,0x10,0x00,0x00,0x00,0x0b,0xff,0x54,0x44,0x44,0x00,0x0b,0xff,0xff,
    0xff,0xff,0x00,0x0b,0xff,0xff,0xff,0xff,0x00,0x0b,0xff,0x10,0x00,0x00,0x00,0x0b,0xff,0x10,0x00,0x00,0x00,0x0b,0xff,0x10,
    0x00,0x00,0x00,0x0b,0xff,0x54,0x44,0x44,0x20,0x0b,0xff,0xff,0xff,0xff,0x80,0x0b,0xff,0xff,0xff,0xff,0x80,0x0b,0xff,0xff,
    0xff,0xff,0x50,0x0b,0xff,0xff,0xff,0xff,0x50,0x0b,0xff,0x54,0x44,0x44,0x10,0x0b,0xff,0x10,0x00,0x00,0x00,0x0b,0xff,0x10,
    0x00,0x00,0x00,0x0b,0xff,0x10,0x00,0x00,0x00,0x0b,0xff,0xff,0xff,0xfb,0x00,0x0b,0xff,0xff,0xff,0xfb,0x00,0x0b,0xff,0x54,
    0x44,0x43,0x00,0x0b,0xff,0x10,0x00,0x00,0x00,0x0b,0xff,0x10,0x00,0x00,0x00,0x0b,0xff,0x10,0x00,0x00,0x00,0x0b,0xff,0x10,
    0x00,0x00,0x00,0x0b,0xff,0x10,0x00,0x00,0x00,0x00,0x00,0x5b,0xef,0xda,0x40,0x00,0x00,0x1b,0xff,0xff,0xff,0xf9,0x00,0x00,
    0xbf,0xfc,0x65,0x7e,0xff,0x80,0x05,0xff,0xb0,0x00,0x02,0xef,0xe0,0x0b,0xff,0x30,0x00,0x00,0x23,0x30,0x0f,0xfd,0x00,0x00,
    0x00,0x00,0x00,0x1f,0xfc,0x00,0x06,0xff,0xff,0xf5,0x1f,0xfc,0x00,0x06,0xff,0xff,0xf5,0x0f,0xfd,0x00,0x02,0x44,0x9f,0xf4,
    0x0b,0xff,0x30,0x00,0x00,0x9f,0xf2,0x06,0xff,0xb0,0x00,0x02,0xff,0xc0,0x00,0xcf,0xfc,0x65,0x7e,0xff,0x40,0x00,0x1c,0xff,
    0xff,0xff,0xf7,0x00,0x00,0x00,0x6b,0xef,0xd9,0x30,0x00,0x0b,0xff,0x10,0x00,0x00,0xdf,0xe0,0x0b,0xff,0x10,0x00,0x00,0xdf,
    0xe0,0x0b,0xff,0x10,0x00,0x00,0xdf,0xe0,0x0b,0xff,0x10,0x00,0x00,0xdf,0xe0,0x0b,0xff,0x10,0x00,0x00,0xdf,0xe0,0x0b,0xff,
    0x54,0x44,0x44,0xef,0xe0,0x0b,0xff,0xff,0xff,0xff,0xff,0xe0,0x0b,0xff,0xff,0xff,0xff,0xff,0xe0,0x0b,0xff,0x10,0x00,0x00,
    0xdf,0xe0,0x0b,0xff,0x10,0x00,0x00,0xdf,0xe0,0x0b,0xff,0x10,0x00,0x00,0xdf,0xe0,0x0b,0xff,0x10,0x00,0x00,0xdf,0xe0,0x0b,
    0xff,0x10,0x00,0x00,0xdf,0xe0,0x0b,0xff,0x10,0x00,0x00,0xdf,0xe0,0x0b,0xff,0x10,0x0b,0xff,0x10,0x0b,0xff,0x10,0x0b,0xff,
    0x10,0x0b,0xff,0x10,0x0b,0xff,0x10,0x0b,0xff,0x10,0x0b,0xff,0x10,0x0b,0xff,0x10,0x0b,0xff,0x10,0x0b,0xff,0x10,0x0b,0xff,
    0x10,0x0b,0xff,0x10,0x0b,0xff,0x10,0x00,0x00,0x00,0x0e,0xfd,0x00,0x00,0x00,0x00,0x0e,0xfd,0x00,0x00,0x00,0x00,0x0e,0xfd,
    0x00,0x00,0x00,0x00,0x0e,0xfd,0x00,0x00,0x00,0x00,0x0e,0xfd,0x00,0x00,0x00,0x00,0x0e,0xfd,0x00,0x00,0x00,0x00,0x0e,0xfd,
    0x00,0x00,0x00,0x00,0x0e,0xfd,0x00,0x13,0x31,0x00,0x0e,0xfd,0x00,0x6f,0xf7,0x00,0x0e,0xfd,0x00,0x4f,0xf9,0x00,0x2f,0xfc,
    0x00,0x1e,0xff,0x86,0xcf,0xf8,0x00,0x07,0xff,0xff,0xff,0xd1,0x00,0x00,0x5b,0xef,0xd9,0x10,0x00,0x0b,0xff,0x10,0x00,0x1c,
    0xff,0x90,0x0b,0xff,0x10,0x00,0xaf,0xfc,0x00,0x0b,0xff,0x10,0x07,0xff,0xd1,0x00,0x0b,0xff,0x10,0x5f,0xfe,0x30,0x00,0x0b,
    0xff,0x12,0xef,0xf4,0x00,0x00,0x0b,0xff,0x1d,0xff,0x70,0x00,0x00,0x0b,0xff,0x9f,0xff,0x20,0x00,0x00,0x0b,0xff,0xff,0xff,
    0xb0,0x00,0x00,0x0b,0xff,0xf8,0xcf,0xf7,0x00,0x00,0x0b,0xff,0x90,0x2f,0xff,0x20,0x00,0x0b,0xff,0x10,0x07,0xff,0xc0,0x00,
    0x0b,0xff,0x10,0x00,0xcf,0xf7,0x00,0x0b,0xff,0x10,0x00,0x3f,0xff,0x30,0x0b,0xff,0x10,0x00,0x07,0xff,0xc0,0x0b,0xff,0x10,
    0x00,0x00,0x00,0x0b,0xff,0x10,0x00,0x00,0x00,0x0b,0xff,0x10,0x00,0x00,0x00,0x0b,0xff,0x10,0x00,0x00,0x00,0x0b,0xff,0x10,
    0x00,0x00,0x00,0x0b,0xff,0x10,0x00,0x00,0x00,0x0b,0xff,0x10,0x00,0x00,0x00,0x0b,0xff,0x10,0x00,0x00,0x00,0x0b,0xff,0x10,
    0x00,0x00,0x00,0x0b,0xff,0x10,0x00,0x00,0x00,0x0b,0xff,0x10,0x00,0x00,0x00,0x0b,0xff,0x77,0x77,0x77,0x00,0x0b,0xff,0xff,
    0xff,0xff,0x10,0x0b,0xff,0xff,0xff,0xff,0x10,0x0b,0xff,0xfc,0x00,0x00,0x01,0xff,0xff,0x70,0x0b,0xff,0xff,0x20,0x00,0x06,
    0xff,0xff,0x70,0x0b,0xff,0xff,0x70,0x00,0x0b,0xff,0xff,0x70,0x0b,0xff,0xdf,0xc0,0x00,0x2f,0xfc,0xff,0x70,0x0b,0xff,0x9f,
    0xf2,0x00,0x7f,0xf8,0xff,0x70,0x0b,0xff,0x5f,0xf8,0x00,0xcf,0xe6,0xff,0x70,0x0b,0xff,0x1e,0xfd,0x02,0xff,0xa6,0xff,0x70,
    0x0b,0xff,0x1a,0xff,0x26,0xff,0x56,0xff,0x70,0x0b,0xff,0x15,0xff,0x5a,0xfe,0x16,0xff,0x70,0x0b,0xff,0x10,0xef,0x9d,0xf9,
    0x06,0xff,0x70,0x0b,0xff,0x10,0x9f,0xdf,0xf4,0x06,0xff,0x70,0x0b,0xff,0x10,0x4f,0xff,0xe0,0x06,0xff,0x70,0x0b,0xff,0x10,
    0x0d,0xff,0x90,0x06,0xff,0x70,0x0b,0xff,0x10,0x08,0xff,0x30,0x06,0xff,0x70,0x0b,0xff,0xb0,0x00,0x00,0xaf,0xf4,0x0b,0xff,
    0xf5,0x00,0x00,0xaf,0xf4,0x0b,0xff,0xfd,0x10,0x00,0xaf,0xf4,0x0b,0xff,0xff,0x80,0x00,0xaf,0xf4,0x0b,0xff,0xaf,0xf3,0x00,
    0xaf,0xf4,0x0b,0xff,0x3f,0xfc,0x00,0xaf,0xf4,0x0b,0xff,0x19,0xff,0x60,0xaf,0xf4,0x0b,0xff,0x21,0xef,0xe1,0xaf,0xf4,0x0b,
    0xff,0x20,0x6f,0xf8,0x9f,0xf4,0x0b,0xff,0x20,0x0b,0xfe,0xaf,0xf4,0x0b,0xff,0x20,0x02,0xff,0xef,0xf4,0x0b,0xff,0x20,0x00,
    0x8f,0xff,0xf4,0x0b,0xff,0x20,0x00,0x0d,0xff,0xf4,0x0b,0xff,0x20,0x00,0x04,0xff,0xf4,0x00,0x00,0x5b,0xef,0xd9,0x30,0x00,
    0x00,0x00,0x1b,0xff,0xff,0xff,0xf7,0x00,0x00,0x00,0xbf,0xfc,0x65,0x8e,0xff,0x60,0x00,0x06,0xff,0xb0,0x00,0x03,0xef,0xe1,
    0x00,0x0b,0xff,0x30,0x00,0x00,0x8f,0xf6,0x00,0x0f,0xfd,0x00,0x00,0x00,0x4f,0xf9,0x00,0x1f,0xfc,0x00,0x00,0x00,0x2f,0xfb,
    0x00,0x1f,0xfc,0x00,0x00,0x00,0x2f,0xfb,0x00,0x0f,0xfd,0x00,0x00,0x00,0x4f,0xf9,0x00,0x0b,0xff,0x30,0x00,0x00,0x8f,0xf6,
    0x00,0x06,0xff,0xb0,0x00,0x03,0xef,0xe1,0x00,0x00,0xbf,0xfc,0x65,0x8e,0xff,0x60,0x00,0x00,0x1b,0xff,0xff,0xff,0xf7,0x00,
    0x00,0x00,0x00,0x6b,0xef,0xd9,0x30,0x00,0x00,0x0b,0xff,0xff,0xfe,0xb4,0x00,0x0b,0xff,0xff,0xff,0xff,0x60,0x0b,0xff,0x54,
    0x59,0xff,0xf2,0x0b,0xff,0x10,0x00,0x9f,0xf7,0x0b,0xff,0x10,0x00,0x6f,0xf8,0x0b,0xff,0x10,0x00,0x8f,0xf7,0x0b,0xff,0x10,
    0x15,0xef,0xf3,0x0b,0xff,0xff,0xff,0xff,0xa0,0x0b,0xff,0xff,0xff,0xe8,0x00,0x0b,0xff,0x54,0x43,0x00,0x00,0x0b,0xff,0x10,
    0x00,0x00,0x00,0x0b,0xff,0x10,0x00,0x00,0x00,0x0b,0xff,0x10,0x00,0x00,0x00,0x0b,0xff,0x10,0x00,0x00,0x00,0x00,0x00,0x5b,
    0xef,0xd9,0x30,0x00,0x00,0x00,0x1b,0xff,0xff,0xff,0xf7,0x00,0x00,0x00,0xbf,0xff,0xba,0xcf,0xff,0x60,0x00,0x06,0xff,0xd2,
    0x00,0x06,0xff,0xe1,0x00,0x0b,0xff,0x40,0x00,0x00,0xaf,0xf6,0x00,0x0f,0xfe,0x00,0x00,0x00,0x4f,0xf9,0x00,0x1f,0xfc,0x00,
    0x00,0x00,0x2f,0xfb,0x00,0x1f,0xfc,0x00,0x00,0x00,0x2f,0xfb,0x00,0x0f,0xfe,0x00,0x00,0x00,0x4f,0xf9,0x00,0x0b,0xff,0x50,
    0x3e,0xe4,0x9f,0xf6,0x00,0x06,0xff,0xd2,0x06,0xfe,0xff,0xe1,0x00,0x00,0xbf,0xff,0xba,0xff,0xff,0x60,0x00,0x00,0x1b,0xff,
    0xff,0xff,0xfc,0x00,0x00,0x00,0x00,0x6b,0xef,0xda,0xff,0x70,0x00,0x00,0x00,0x00,0x00,0x00,0x7f,0xf3,0x00,0x0b,0xff,0xff,
    0xfe,0xb5,0x00,0x00,0x0b,0xff,0xff,0xff,0xff,0x70,0x00,0x0b,0xff,0x54,0x59,0xff,0xf2,0x00,0x0b,0xff,0x10,0x00,0x9f,0xf7,
    0x00,0x0b,0xff,0x10,0x00,0x6f,0xf9,0x00,0x0b,0xff,0x10,0x00,0x8f,0xf7,0x00,0x0b,0xff,0x54,0x58,0xff,0xf3,0x00,0x0b,0xff,
    0xff,0xff,0xff,0x80,0x00,0x0b,0xff,0xff,0xff,0xf7,0x00,0x00,0x0b,0xff,0x10,0x6f,0xfa,0x00,0x00,0x0b,0xff,0x10,0x0d,0xff,
    0x30,0x00,0x0b,0xff,0x10,0x06,0xff,0xb0,0x00,0x0b,0xff,0x10,0x00,0xdf,0xf4,0x00,0x0b,0xff,0x10,0x00,0x5f,0xfc,0x00,0x00,
    0x05,0xbe,0xfd,0xa3,0x00,0x00,0xaf,0xff,0xff,0xff,0x60,0x07,0xff,0xd6,0x58,0xef,0xf2,0x0b,0xff,0x20,0x00,0x7f,0xf6,0x0c,
    0xff,0x50,0x00,0x00,0x00,0x08,0xff,0xfb,0x52,0x00,0x00,0x01,0xbf,0xff,0xff,0xb5,0x00,0x00,0x05,0xbf,0xff,0xff,0xa0,0x00,
    0x00,0x00,0x49,0xff,0xf5,0x16,0x63,0x00,0x00,0x6f,0xf9,0x2f,0xfc,0x00,0x00,0x6f,0xf9,0x0c,0xff,0xc6,0x58,0xef,0xf5,0x02,
    0xef,0xff,0xff,0xff,0x90,0x00,0x18,0xce,0xfe,0xb5,0x00,0x4f,0xff,0xff,0xff,0xff,0xff,0x00,0x4f,0xff,0xff,0xff,0xff,0xff,
    0x00,0x14,0x44,0x5f,0xfc,0x44,0x44,0x00,0x00,0x00,0x1f,0xfc,0x00,0x00,0x00,0x00,0x00,0x1f,0xfc,0x00,0x00,0x00,0x00,0x00,
    0x1f,0xfc,0x00,0x00,0x00,0x00,0x00,0x1f,0xfc,0x00,0x00,0x00,0x00,0x00,0x1f,0xfc,0x00,0x00,0x00,0x00,0x00,0x1f,0xfc,0x00,
    0x00,0x00,0x00,0x00,0x1f,0xfc,0x00,0x00,0x00,0x00,0x00,0x1f,0xfc,0x00,0x00,0x00,0x00,0x00,0x1f,0xfc,0x00,0x00,0x00,0x00,
    0x00,0x1f,0xfc,0x00,0x00,0x00,0x00,0x00,0x1f,0xfc,0x00,0x00,0x00,0x0b,0xff,0x10,0x00,0x03,0xff,0xa0,0x0b,0xff,0x10,0x00,
    0x03,0xff,0xa0,0x0b,0xff,0x10,0x00,0x03,0xff,0xa0,0x0b,0xff,0x10,0x00,0x03,0xff,0xa0,0x0b,0xff,0x10,0x00,0x03,0xff,0xa0,
    0x0b,0xff,0x10,0x00,0x03,0xff,0xa0,0x0b,0xff,0x10,0x00,0x03,0xff,0xa0,0x0b,0xff,0x10,0x00,0x03,0xff,0xa0,0x0b,0xff,0x10,
    0x00,0x03,0xff,0xa0,0x0a,0xff,0x30,0x00,0x04,0xff,0x90,0x08,0xff,0x90,0x00,0x0a,0xff,0x60,0x02,0xef,0xfa,0x56,0xbf,0xfe,
    0x10,0x00,0x4e,0xff,0xff,0xff,0xe3,0x00,0x00,0x02,0x8d,0xee,0xc8,0x10,0x00,0x6f,0xfb,0x00,0x00,0x00,0x8f,0xf8,0x1f,0xff,
    0x10,0x00,0x00,0xdf,0xf3,0x0a,0xff,0x60,0x00,0x03,0xff,0xd0,0x05,0xff,0xb0,0x00,0x07,0xff,0x80,0x01,0xef,0xf1,0x00,0x0c,
    0xff,0x30,0x00,0xaf,0xf6,0x00,0x2f,0xfd,0x00,0x00,0x5f,0xfb,0x00,0x7f,0xf8,0x00,0x00,0x0e,0xff,0x10,0xbf,0xf3,0x00,0x00,
    0x09,0xff,0x51,0xff,0xd0,0x00,0x00,0x04,0xff,0x94,0xff,0x80,0x00,0x00,0x00,0xef,0xd8,0xff,0x30,0x00,0x00,0x00,0x9f,0xfd,
    0xfd,0x00,0x00,0x00,0x00,0x3f,0xff,0xf8,0x00,0x00,0x00,0x00,0x0d,0xff,0xf3,0x00,0x00,0x6f,0xfa,0x00,0x00,0xbf,0xf7,0x00,
    0x00,0xef,0xf2,0x2f,0xfd,0x00,0x00,0xef,0xfa,0x00,0x03,0xff,0xd0,0x0d,0xff,0x20,0x03,0xff,0xfe,0x00,0x06,0xff,0x90,0x09,
    0xff,0x50,0x07,0xff,0xff,0x30,0x0a,0xff,0x50,0x05,0xff,0x90,0x0b,0xfb,0xff,0x60,0x0d,0xff,0x10,0x01,0xff,0xc0,0x0e,0xf8,
    0xdf,0xa0,0x2f,0xfc,0x00,0x00,0xcf,0xf1,0x3f,0xf5,0x9f,0xd0,0x5f,0xf8,0x00,0x00,0x8f,0xf4,0x6f,0xf1,0x6f,0xf2,0x8f,0xf4,
    0x00,0x00,0x4f,0xf7,0x9f,0xd0,0x2f,0xf5,0xbf,0xf1,0x00,0x00,0x1f,0xf9,0xcf,0x90,0x0d,0xf8,0xef,0xb0,0x00,0x00,0x0b,0xfc,
    0xff,0x50,0x09,0xfc,0xff,0x70,0x00,0x00,0x07,0xff,0xff,0x10,0x05,0xff,0xff,0x30,0x00,0x00,0x03,0xff,0xfc,0x00,0x01,0xff,
    0xfe,0x00,0x00,0x00,0x00,0xef,0xf8,0x00,0x00,0xcf,0xfa,0x00,0x00,0x0b,0xff,0x80,0x00,0x06,0xff,0xc0,0x02,0xef,0xf2,0x00,
    0x1e,0xff,0x30,0x00,0x7f,0xfb,0x00,0xaf,0xf8,0x00,0x00,0x0c,0xff,0x53,0xff,0xd0,0x00,0x00,0x03,0xff,0xcb,0xff,0x30,0x00,
    0x00,0x00,0x8f,0xff,0xf8,0x00,0x00,0x00,0x00,0x0d,0xff,0xd1,0x00,0x00,0x00,0x00,0x1d,0xff,0xe2,0x00,0x00,0x00,0x00,0xaf,
    0xff,0xfc,0x00,0x00,0x00,0x05,0xff,0xba,0xff,0x70,0x00,0x00,0x2e,0xff,0x22,0xff,0xf3,0x00,0x00,0xbf,0xf7,0x00,0x7f,0xfc,
    0x00,0x07,0xff,0xc0,0x00,0x0c,0xff,0x80,0x3f,0xfe,0x20,0x00,0x02,0xff,0xf3,0x4f,0xfe,0x10,0x00,0x02,0xff,0xf2,0x0a,0xff,
    0x80,0x00,0x0a,0xff,0x90,0x02,0xff,0xf2,0x00,0x2f,0xfe,0x10,0x00,0x8f,0xf9,0x00,0xaf,0xf6,0x00,0x00,0x1d,0xff,0x22,0xff,
    0xd0,0x00,0x00,0x05,0xff,0x99,0xff,0x40,0x00,0x00,0x00,0xbf,0xef,0xfb,0x00,0x00,0x00,0x00,0x3f,0xff,0xf2,0x00,0x00,0x00,
    0x00,0x09,0xff,0x90,0x00,0x00,0x00,0x00,0x06,0xff,0x60,0x00,0x00,0x00,0x00,0x06,0xff,0x60,0x00,0x00,0x00,0x00,0x06,0xff,
    0x60,0x00,0x00,0x00,0x00,0x06,0xff,0x60,0x00,0x00,0x00,0x00,0x06,0xff,0x60,0x00,0x00,0x0e,0xff,0xff,0xff,0xff,0xf8,0x00,
    0x0e,0xff,0xff,0xff,0xff,0xf8,0x00,0x04,0x44,0x44,0x46,0xff,0xe1,0x00,0x00,0x00,0x00,0x0b,0xff,0x40,0x00,0x00,0x00,0x00,
    0x8f,0xf9,0x00,0x00,0x00,0x00,0x03,0xff,0xd1,0x00,0x00,0x00,0x00,0x1d,0xff,0x30,0x00,0x00,0x00,0x00,0x9f,0xf8,0x00,0x00,
    0x00,0x00,0x04,0xff,0xc0,0x00,0x00,0x00,0x00,0x1e,0xfe,0x20,0x00,0x00,0x00,0x00,0xaf,0xf6,0x00,0x00,0x00,0x00,0x05,0xff,
    0xc4,0x44,0x44,0x42,0x00,0x0e,0xff,0xff,0xff,0xff,0xf9,0x00,0x0e,0xff,0xff,0xff,0xff,0xf9,0x00,0x05,0xff,0xff,0x30,0x05,
    0xff,0xff,0x30,0x05,0xff,0x84,0x10,0x05,0xff,0x60,0x00,0x05,0xff,0x60,0x00,0x05,0xff,0x60,0x00,0x05,0xff,0x60,0x00,0x05,
    0xff,0x60,0x00,0x05,0xff,0x60,0x00,0x05,0xff,0x60,0x00,0x05,0xff,0x60,0x00,0x05,0xff,0x60,0x00,0x05,0xff,0x60,0x00,0x05,
    0xff,0x60,0x00,0x05,0xff,0x60,0x00,0x05,0xff,0x84,0x10,0x05,0xff,0xff,0x30,0x05,0xff,0xff,0x30,0x58,0x60,0x00,0x00,0x7f,
    0xe0,0x00,0x00,0x3f,0xf3,0x00,0x00,0x0e,0xf6,0x00,0x00,0x0b,0xfa,0x00,0x00,0x07,0xfe,0x00,0x00,0x03,0xff,0x30,0x00,0x00,
    0xef,0x70,0x00,0x00,0xbf,0xb0,0x00,0x00,0x7f,0xe0,0x00,0x00,0x3f,0xf3,0x00,0x00,0x0e,0xf7,0x00,0x00,0x0a,0xfb,0x00,0x00,
    0x06,0xfe,0x00,0x00,0x03,0xff,0x30,0x00,0x00,0xef,0x70,0x00,0x00,0xaf,0xb0,0x00,0x00,0x6f,0xf0,0x1f,0xff,0xf7,0x00,0x1f,
    0xff,0xf7,0x00,0x04,0x6f,0xf7,0x00,0x00,0x3f,0xf7,0x00,0x00,0x3f,0xf7,0x00,0x00,0x3f,0xf7,0x00,0x00,0x3f,0xf7,0x00,0x00,
    0x3f,0xf7,0x00,0x00,0x3f,0xf7,0x00,0x00,0x3f,0xf7,0x00,0x00,0x3f,0xf7,0x00,0x00,0x3f,0xf7,0x00,0x00,0x3f,0xf7,0x00,0x00,
    0x3f,0xf7,0x00,0x00,0x3f,0xf7,0x00,0x04,0x6f,0xf7,0x00,0x1f,0xff,0xf7,0x00,0x1f,0xff,0xf7,0x00,0x00,0x05,0x87,0x00,0x00,
    0x00,0x0e,0xff,0x30,0x00,0x00,0x6f,0xdf,0xa0,0x00,0x00,0xcf,0x3e,0xf1,0x00,0x04,0xfc,0x08,0xf8,0x00,0x0b,0xf6,0x02,0xfe,
    0x00,0x2f,0xe1,0x00,0xbf,0x60,0x00,0x00,0x00,0x00,0x00,0x00,0x00,0x00,0x00,0x00,0x00,0x00,0x00,0x00,0x00,0x00,0x00,0x00,
    0x00,0x00,0x00,0x00,0x00,0x00,0x00,0x00,0x00,0x00,0x00,0x00,0x00,0x00,0x00,0x00,0x00,0x00,0x00,0x00,0x00,0x00,0x44,0x44,
    0x44,0x44,0x40,0xff,0xff,0xff,0xff,0xf1,0xff,0xff,0xff,0xff,0xf1,0x03,0xff,0x40,0x00,0x00,0x8f,0xb0,0x00,0x00,0x1d,0xf2,
    0x00,0x00,0x00,0x00,0x00,0x00,0x00,0x00,0x00,0x00,0x00,0x00,0x00,0x00,0x00,0x00,0x00,0x00,0x00,0x00,0x00,0x00,0x00,0x00,
    0x00,0x00,0x00,0x00,0x00,0x00,0x00,0x00,0x00,0x00,0x00,0x00,0x00,0x00,0x00,0x00,0x00,0x00,0x00,0x00,0x00,0x00,0x00,0x00,
    0x00,0x00,0x29,0xdf,0xd9,0x20,0x00,0x03,0xef,0xff,0xff,0xe2,0x00,0x0c,0xff,0x75,0x9f,0xfa,0x00,0x03,0x54,0x00,0x0f,0xfc,
    0x00,0x00,0x02,0x57,0xaf,0xfd,0x00,0x04,0xdf,0xff,0xef,0xfd,0x00,0x1e,0xfd,0x63,0x0e,0xfd,0x00,0x5f,0xf5,0x00,0x2f,0xfd,
    0x00,0x4f,0xfc,0x56,0xdf,0xfd,0x00,0x1d,0xff,0xff,0xdc,0xfd,0x00,0x02,0xae,0xea,0x2c,0xfd,0x00,0x0c,0xff,0x00,0x00,0x00,
    0x00,0x0c,0xff,0x00,0x00,0x00,0x00,0x0c,0xff,0x00,0x00,0x00,0x00,0x0c,0xff,0x19,0xee,0xa2,0x00,0x0c,0xff,0xaf,0xff,0xfe,
    0x20,0x0c,0xff,0xe7,0x6c,0xff,0x90,0x0c,0xff,0x50,0x02,0xff,0xe0,0x0c,0xff,0x00,0x00,0xbf,0xf2,0x0c,0xfe,0x00,0x00,0xaf,
    0xf3,0x0c,0xff,0x00,0x00,0xbf,0xf2,0x0c,0xff,0x50,0x02,0xff,0xe0,0x0c,0xff,0xe7,0x6c,0xff,0x90,0x0c,0xfe,0xbf,0xff,0xfe,
    0x20,0x0c,0xfe,0x19,0xee,0xa2,0x00,0x00,0x07,0xce,0xeb,0x40,0x00,0x00,0xcf,0xff,0xff,0xf6,0x00,0x08,0xff,0xc5,0x6e,0xff,
    0x10,0x0e,0xfe,0x10,0x06,0xec,0x30,0x2f,0xfb,0x00,0x00,0x00,0x00,0x3f,0xf9,0x00,0x00,0x00,0x00,0x2f,0xfb,0x00,0x00,0x00,
    0x00,0x0e,0xfe,0x10,0x05,0xfc,0x40,0x08,0xff,0xc5,0x6e,0xff,0x10,0x01,0xcf,0xff,0xff,0xf6,0x00,0x00,0x07,0xce,0xeb,0x40,
    0x00,0x00,0x00,0x00,0x00,0xff,0xc0,0x00,0x00,0x00,0x00,0xff,0xc0,0x00,0x00,0x00,0x00,0xff,0xc0,0x00,0x2a,0xee,0x90,0xff,
    0xc0,0x02,0xef,0xff,0xfa,0xff,0xc0,0x0a,0xff,0xc5,0x7e,0xff,0xc0,0x1e,0xff,0x10,0x06,0xff,0xc0,0x2f,0xfb,0x00,0x01,0xff,
    0xc0,0x3f,0xfa,0x00,0x00,0xff,0xc0,0x2f,0xfb,0x00,0x01,0xff,0xc0,0x0e,0xff,0x10,0x06,0xff,0xc0,0x0a,0xff,0xc5,0x7e,0xff,
    0xc0,0x02,0xef,0xff,0xfa,0xef,0xc0,0x00,0x2a,0xee,0x91,0xef,0xc0,0x00,0x07,0xce,0xea,0x30,0x00,0x00,0xcf,0xff,0xff,0xf4,
    0x00,0x08,0xff,0x95,0x6d,0xfe,0x10,0x0e,0xfb,0x00,0x04,0xff,0x50,0x2f,0xff,0xff,0xff,0xff,0x80,0x3f,0xff,0xff,0xff,0xff,
    0x90,0x2f,0xfa,0x44,0x44,0x44,0x30,0x0e,0xfc,0x00,0x01,0x52,0x00,0x08,0xff,0xb5,0x5c,0xff,0x30,0x01,0xcf,0xff,0xff,0xf9,
    0x00,0x00,0x17,0xce,0xeb,0x50,0x00,0x00,0x19,0xdf,0xd3,0x00,0xbf,0xff,0xf1,0x00,0xef,0xe5,0x40,0xcf,0xff,0xff,0xe0,0xcf,
    0xff,0xff,0xe0,0x34,0xff,0xd4,0x40,0x00,0xff,0xc0,0x00,0x00,0xff,0xc0,0x00,0x00,0xff,0xc0,0x00,0x00,0xff,0xc0,0x00,0x00,
    0xff,0xc0,0x00,0x00,0xff,0xc0,0x00,0x00,0xff,0xc0,0x00,0x00,0xff,0xc0,0x00,0x00,0x2a,0xee,0x91,0xef,0xc0,0x02,0xef,0xff,
    0xfa,0xef,0xc0,0x09,0xff,0xc6,0x7e,0xff,0xc0,0x0e,0xff,0x10,0x06,0xff,0xc0,0x2f,0xfb,0x00,0x01,0xff,0xc0,0x3f,0xfa,0x00,
    0x00,0xef,0xc0,0x3f,0xfb,0x00,0x00,0xff,0xc0,0x1f,0xfe,0x10,0x05,0xff,0xc0,0x0b,0xff,0xc5,0x7e,0xff,0xc0,0x02,0xef,0xff,
    0xfa,0xef,0xc0,0x00,0x3b,0xee,0xa1,0xef,0xc0,0x00,0x01,0x00,0x01,0xff,0xb0,0x08,0xee,0x75,0x6c,0xff,0x60,0x03,0xef,0xff,
    0xff,0xfb,0x00,0x00,0x29,0xdf,0xec,0x70,0x00,0x0c,0xfe,0x00,0x00,0x00,0x00,0x0c,0xfe,0x00,0x00,0x00,0x00,0x0c,0xfe,0x00,
    0x00,0x00,0x00,0x0c,0xfe,0x19,0xee,0xb2,0x00,0x0c,0xfe,0xbf,0xff,0xfd,0x00,0x0c,0xff,0xd6,0x6e,0xff,0x60,0x0c,0xff,0x30,
    0x05,0xff,0x90,0x0c,0xff,0x00,0x02,0xff,0xa0,0x0c,0xff,0x00,0x02,0xff,0xa0,0x0c,0xff,0x00,0x02,0xff,0xa0,0x0c,0xff,0x00,
    0x02,0xff,0xa0,0x0c,0xff,0x00,0x02,0xff,0xa0,0x0c,0xff,0x00,0x02,0xff,0xa0,0x0c,0xff,0x00,0x02,0xff,0xa0,0x07,0xe9,0x00,
    0x0e,0xff,0x10,0x07,0xe9,0x00,0x00,0x00,0x00,0x0c,0xff,0x00,0x0c,0xff,0x00,0x0c,0xff,0x00,0x0c,0xff,0x00,0x0c,0xff,0x00,
    0x0c,0xff,0x00,0x0c,0xff,0x00,0x0c,0xff,0x00,0x0c,0xff,0x00,0x0c,0xff,0x00,0x0c,0xff,0x00,0x00,0x7e,0x90,0x00,0xef,0xf1,
    0x00,0x7e,0x90,0x00,0x00,0x00,0x00,0xcf,0xf0,0x00,0xcf,0xf0,0x00,0xcf,0xf0,0x00,0xcf,0xf0,0x00,0xcf,0xf0,0x00,0xcf,0xf0,
    0x00,0xcf,0xf0,0x00,0xcf,0xf0,0x00,0xcf,0xf0,0x00,0xcf,0xf0,0x00,0xcf,0xf0,0x00,0xdf,0xe0,0x26,0xff,0xd0,0x7f,0xff,0x70,
    0x7e,0xc6,0x00,0x0c,0xff,0x00,0x00,0x00,0x00,0x0c,0xff,0x00,0x00,0x00,0x00,0x0c,0xff,0x00,0x00,0x00,0x00,0x0c,0xff,0x00,
    0x1c,0xff,0x50,0x0c,0xff,0x00,0xaf,0xf8,0x00,0x0c,0xff,0x07,0xff,0xb0,0x00,0x0c,0xff,0x4f,0xfd,0x10,0x00,0x0c,0xff,0xef,
    0xf3,0x00,0x00,0x0c,0xff,0xff,0xf4,0x00,0x00,0x0c,0xff,0xdf,0xfd,0x10,0x00,0x0c,0xff,0x1a,0xff,0x90,0x00,0x0c,0xff,0x01,
    0xef,0xf4,0x00,0x0c,0xff,0x00,0x5f,0xfd,0x10,0x0c,0xff,0x00,0x0a,0xff,0x90,0x0c,0xff,0x00,0x0c,0xff,0x00,0x0c,0xff,0x00,
    0x0c,0xff,0x00,0x0c,0xff,0x00,0x0c,0xff,0x00,0x0c,0xff,0x00,0x0c,0xff,0x00,0x0c,0xff,0x00,0x0c,0xff,0x00,0x0c,0xff,0x00,
    0x0c,0xff,0x00,0x0c,0xff,0x00,0x0c,0xff,0x00,0x0c,0xfc,0x1a,0xed,0x50,0x3b,0xed,0x80,0x00,0x0c,0xfd,0xcf,0xff,0xf4,0xef,
    0xff,0xf8,0x00,0x0c,0xff,0xc5,0x8f,0xfe,0xc5,0x8f,0xfe,0x00,0x0c,0xff,0x20,0x0c,0xff,0x20,0x0b,0xff,0x20,0x0c,0xff,0x00,
    0x0a,0xff,0x00,0x09,0xff,0x20,0x0c,0xff,0x00,0x0a,0xff,0x00,0x09,0xff,0x20,0x0c,0xff,0x00,0x0a,0xff,0x00,0x09,0xff,0x20,
    0x0c,0xff,0x00,0x0a,0xff,0x00,0x09,0xff,0x20,0x0c,0xff,0x00,0x0a,0xff,0x00,0x09,0xff,0x20,0x0c,0xff,0x00,0x0a,0xff,0x00,
    0x09,0xff,0x20,0x0c,0xff,0x00,0x0a,0xff,0x00,0x09,0xff,0x20,0x0c,0xfc,0x19,0xee,0xb2,0x00,0x0c,0xfd,0xbf,0xff,0xfd,0x00,
    0x0c,0xff,0xd6,0x6e,0xff,0x60,0x0c,0xff,0x30,0x05,0xff,0x80,0x0c,0xff,0x00,0x02,0xff,0xa0,0x0c,0xff,0x00,0x02,0xff,0xa0,
    0x0c,0xff,0x00,0x02,0xff,0xa0,0x0c,0xff,0x00,0x02,0xff,0xa0,0x0c,0xff,0x00,0x02,0xff,0xa0,0x0c,0xff,0x00,0x02,0xff,0xa0,
    0x0c,0xff,0x00,0x02,0xff,0xa0,0x00,0x07,0xce,0xeb,0x40,0x00,0x00,0xcf,0xff,0xff,0xf7,0x00,0x08,0xff,0xc6,0x7e,0xff,0x30,
    0x0e,0xfe,0x10,0x06,0xff,0x90,0x2f,0xfb,0x00,0x01,0xff,0xc0,0x3f,0xf9,0x00,0x00,0xef,0xd0,0x2f,0xfb,0x00,0x01,0xff,0xc0,
    0x0e,0xfe,0x10,0x06,0xff,0x90,0x08,0xff,0xc5,0x7e,0xff,0x30,0x01,0xcf,0xff,0xff,0xf7,0x00,0x00,0x07,0xce,0xeb,0x40,0x00,
    0x0c,0xfe,0x19,0xee,0xa2,0x00,0x0c,0xfe,0xaf,0xff,0xfe,0x20,0x0c,0xff,0xe7,0x6c,0xff,0x90,0x0c,0xff,0x50,0x02,0xff,0xe0,
    0x0c,0xff,0x00,0x00,0xbf,0xf2,0x0c,0xfe,0x00,0x00,0xaf,0xf3,0x0c,0xff,0x00,0x00,0xbf,0xf2,0x0c,0xff,0x50,0x02,0xff,0xe0,
    0x0c,0xff,0xe7,0x6c,0xff,0x90,0x0c,0xff,0xbf,0xff,0xfe,0x20,0x0c,0xff,0x19,0xee,0xa2,0x00,0x0c,0xff,0x00,0x00,0x00,0x00,
    0x0c,0xff,0x00,0x00,0x00,0x00,0x0c,0xff,0x00,0x00,0x00,0x00,0x0c,0xff,0x00,0x00,0x00,0x00,0x00,0x2a,0xee,0x90,0xef,0xc0,
    0x02,0xef,0xff,0xfa,0xef,0xc0,0x0a,0xff,0xc5,0x7e,0xff,0xc0,0x1e,0xff,0x10,0x06,0xff,0xc0,0x2f,0xfb,0x00,0x01,0xff,0xc0,
    0x3f,0xfa,0x00,0x00,0xff,0xc0,0x2f,0xfb,0x00,0x01,0xff,0xc0,0x0e,0xff,0x10,0x06,0xff,0xc0,0x0a,0xff,0xc5,0x7e,0xff,0xc0,
    0x02,0xef,0xff,0xfa,0xff,0xc0,0x00,0x2a,0xee,0x91,0xff,0xc0,0x00,0x00,0x00,0x00,0xff,0xc0,0x00,0x00,0x00,0x00,0xff,0xc0,
    0x00,0x00,0x00,0x00,0xff,0xc0,0x00,0x00,0x00,0x00,0xff,0xc0,0x00,0x00,0x00,0x00,0x0c,0xfd,0x3c,0xf6,0x0c,0xfe,0xdf,0xf6,
    0x0c,0xff,0xe6,0x52,0x0c,0xff,0x40,0x00,0x0c,0xff,0x00,0x00,0x0c,0xff,0x00,0x00,0x0c,0xff,0x00,0x00,0x0c,0xff,0x00,0x00,
    0x0c,0xff,0x00,0x00,0x0c,0xff,0x00,0x00,0x0c,0xff,0x00,0x00,0x00,0x4b,0xdf,0xd8,0x10,0x00,0x06,0xff,0xff,0xff,0xd1,0x00,
    0x0d,0xff,0x75,0x9f,0xf7,0x00,0x0e,0xfd,0x00,0x05,0x41,0x00,0x0a,0xff,0xc8,0x51,0x00,0x00,0x01,0xaf,0xff,0xff,0xa1,0x00,
    0x00,0x01,0x58,0xdf,0xfa,0x00,0x16,0x85,0x00,0x0e,0xfe,0x00,0x1e,0xfe,0x75,0x8f,0xfc,0x00,0x06,0xff,0xff,0xff,0xe4,0x00,
    0x00,0x4b,0xef,0xd9,0x20,0x00,0x03,0x88,0x30,0x00,0x06,0xff,0x60,0x00,0x06,0xff,0x60,0x00,0xcf,0xff,0xff,0x50,0xcf,0xff,
    0xff,0x50,0x38,0xff,0x84,0x10,0x06,0xff,0x60,0x00,0x06,0xff,0x60,0x00,0x06,0xff,0x60,0x00,0x06,0xff,0x60,0x00,0x06,0xff,
    0x60,0x00,0x05,0xff,0xc5,0x20,0x01,0xef,0xff,0x60,0x00,0x3c,0xee,0x70,0x0c,0xff,0x00,0x02,0xff,0xa0,0x0c,0xff,0x00,0x02,
    0xff,0xa0,0x0c,0xff,0x00,0x02,0xff,0xa0,0x0c,0xff,0x00,0x02,0xff,0xa0,0x0c,0xff,0x00,0x02,0xff,0xa0,0x0c,0xff,0x00,0x02,
    0xff,0xa0,0x0c,0xff,0x00,0x03,0xff,0xa0,0x0b,0xff,0x30,0x06,0xff,0xa0,0x08,0xff,0xd7,0x8e,0xff,0xa0,0x02,0xef,0xff,0xf8,
    0xff,0xa0,0x00,0x4c,0xfd,0x70,0xff,0xa0,0x8f,0xf6,0x00,0x00,0xef,0xe0,0x3f,0xfb,0x00,0x04,0xff,0x90,0x0d,0xfe,0x10,0x09,
    0xff,0x40,0x08,0xff,0x50,0x0d,0xfd,0x00,0x02,0xff,0x90,0x3f,0xf8,0x00,0x00,0xcf,0xe0,0x7f,0xf3,0x00,0x00,0x7f,0xf3,0xbf,
    0xd0,0x00,0x00,0x2f,0xf7,0xff,0x70,0x00,0x00,0x0b,0xfd,0xff,0x20,0x00,0x00,0x06,0xff,0xfc,0x00,0x00,0x00,0x01,0xff,0xf7,
    0x00,0x00,0x9f,0xf5,0x00,0x5f,0xf7,0x00,0x3f,0xfb,0x5f,0xf8,0x00,0x8f,0xfa,0x00,0x6f,0xf7,0x1f,0xfb,0x00,0xcf,0xfe,0x00,
    0xaf,0xf2,0x0b,0xfe,0x00,0xff,0xef,0x20,0xdf,0xd0,0x07,0xff,0x34,0xfd,0xbf,0x61,0xff,0x90,0x03,0xff,0x67,0xfa,0x8f,0x95,
    0xff,0x50,0x00,0xef,0x9a,0xf6,0x4f,0xc7,0xff,0x10,0x00,0xaf,0xcd,0xf2,0x1f,0xfb,0xfb,0x00,0x00,0x5f,0xff,0xd0,0x0b,0xff,
    0xf7,0x00,0x00,0x1f,0xff,0x90,0x07,0xff,0xf3,0x00,0x00,0x0c,0xff,0x50,0x03,0xff,0xe0,0x00,0x2f,0xfd,0x00,0x0b,0xff,0x30,
    0x08,0xff,0x60,0x4f,0xf9,0x00,0x01,0xef,0xd0,0xcf,0xe1,0x00,0x00,0x6f,0xf9,0xff,0x70,0x00,0x00,0x0c,0xff,0xfc,0x00,0x00,
    0x00,0x06,0xff,0xf6,0x00,0x00,0x00,0x1d,0xff,0xfd,0x00,0x00,0x00,0x8f,0xf7,0xff,0x80,0x00,0x02,0xff,0xb0,0xbf,0xf2,0x00,
    0x0b,0xff,0x30,0x3f,0xfb,0x00,0x5f,0xf9,0x00,0x0a,0xff,0x50,0x8f,0xf6,0x00,0x00,0xef,0xe0,0x3f,0xfb,0x00,0x04,0xff,0x90,
    0x0c,0xff,0x10,0x09,0xff,0x30,0x07,0xff,0x50,0x0d,0xfd,0x00,0x02,0xff,0x90,0x3f,0xf8,0x00,0x00,0xbf,0xe0,0x8f,0xf2,0x00,
    0x00,0x6f,0xf3,0xdf,0xc0,0x00,0x00,0x1f,0xf8,0xff,0x60,0x00,0x00,0x0a,0xfe,0xff,0x10,0x00,0x00,0x05,0xff,0xfa,0x00,0x00,
    0x00,0x00,0xef,0xf5,0x00,0x00,0x00,0x00,0xef,0xe0,0x00,0x00,0x02,0x58,0xff,0x80,0x00,0x00,0x08,0xff,0xfd,0x10,0x00,0x00,
    0x0a,0xfe,0xa2,0x00,0x00,0x00,0x0b,0xff,0xff,0xff,0xf9,0x00,0x0b,0xff,0xff,0xff,0xf9,0x00,0x03,0x44,0x45,0xff,0xf2,0x00,
    0x00,0x00,0x0a,0xff,0x60,0x00,0x00,0x00,0x6f,0xfb,0x00,0x00,0x00,0x02,0xef,0xe1,0x00,0x00,0x00,0x0c,0xff,0x50,0x00,0x00,
    0x00,0x9f,0xf9,0x00,0x00,0x00,0x05,0xff,0xe5,0x44,0x43,0x00,0x0d,0xff,0xff,0xff,0xfc,0x00,0x0d,0xff,0xff,0xff,0xfc,0x00,
    0x00,0x00,0x3a,0xde,0x00,0x00,0x01,0xef,0xff,0x00,0x00,0x07,0xff,0xb5,0x00,0x00,0x09,0xff,0x10,0x00,0x00,0x09,0xfe,0x00,
    0x00,0x00,0x09,0xfe,0x00,0x00,0x00,0x0b,0xfe,0x00,0x00,0x00,0x4e,0xfb,0x00,0x00,0x0b,0xff,0xc2,0x00,0x00,0x0b,0xfe,0x70,
    0x00,0x00,0x03,0x8f,0xf9,0x00,0x00,0x00,0x0b,0xfd,0x00,0x00,0x00,0x0a,0xfe,0x00,0x00,0x00,0x09,0xfe,0x00,0x00,0x00,0x09,
    0xff,0x00,0x00,0x00,0x07,0xff,0x71,0x00,0x00,0x03,0xff,0xff,0x00,0x00,0x00,0x6e,0xff,0x00,0x00,0x00,0x00,0x34,0x00,0x00,
    0xcf,0xd0,0x00,0x00,0xcf,0xd0,0x00,0x00,0xcf,0xd0,0x00,0x00,0xcf,0xd0,0x00,0x00,0xcf,0xd0,0x00,0x00,0xcf,0xd0,0x00,0x00,
    0xcf,0xd0,0x00,0x00,0xcf,0xd0,0x00,0x00,0xcf,0xd0,0x00,0x00,0xcf,0xd0,0x00,0x00,0xcf,0xd0,0x00,0x00,0xcf,0xd0,0x00,0x00,
    0xcf,0xd0,0x00,0x00,0xcf,0xd0,0x00,0x00,0xcf,0xd0,0x00,0x00,0xcf,0xd0,0x00,0x00,0xcf,0xd0,0x00,0x00,0xcf,0xd0,0x00,0x00,
    0xcf,0xd0,0x00,0x00,0xcf,0xd0,0x00,0x00,0xcf,0xd0,0x00,0x00,0xcf,0xd0,0x00,0x00,0xcf,0xd0,0x00,0x00,0xcf,0xd0,0x00,0x1e,
    0xda,0x20,0x00,0x00,0x1f,0xff,0xd1,0x00,0x00,0x05,0xcf,0xf5,0x00,0x00,0x00,0x2f,0xf7,0x00,0x00,0x00,0x1f,0xf8,0x00,0x00,
    0x00,0x0f,0xf8,0x00,0x00,0x00,0x0f,0xf9,0x00,0x00,0x00,0x0d,0xfe,0x30,0x00,0x00,0x03,0xcf,0xf9,0x00,0x00,0x01,0x8f,0xf9,
    0x00,0x00,0x0a,0xff,0x83,0x00,0x00,0x0f,0xfa,0x00,0x00,0x00,0x0f,0xf8,0x00,0x00,0x00,0x0f,0xf8,0x00,0x00,0x00,0x1f,0xf8,
    0x00,0x00,0x01,0x9f,0xf6,0x00,0x00,0x1f,0xff,0xf2,0x00,0x00,0x1f,0xfe,0x50,0x00,0x00,0x04,0x20,0x00,0x00,0x00,0x00,0x04,
    0x63,0x00,0x01,0x11,0x00,0x00,0xaf,0xff,0x80,0x0c,0xf6,0x00,0x03,0xff,0xff,0xfb,0x8f,0xf4,0x00,0x07,0xfd,0x16,0xff,0xff,
    0xd0,0x00,0x05,0xa7,0x00,0x3c,0xfc,0x30,0x00,0x00,0x00,0x00,0x00,0x00,0x00,0x00,0x00,0x00,0x00,0x00,0x00,0x00,0x00,0x00,
    0x00,0x00,0x00,0x00,0x00,0x00,0x00,0x00,0x00,0x00,0x00,0x00,0x00,0x02,0xce,0x60,0x06,0xff,0xc0,0x02,0xce,0x60,0x00,0x00,
    0x00,0x01,0xff,0x80,0x02,0xff,0x80,0x02,0xff,0x80,0x02,0xff,0x90,0x03,0xff,0x90,0x03,0xff,0x90,0x03,0xff,0xa0,0x03,0xff,
    0xa0,0x04,0xff,0xa0,0x04,0xff,0xb0,0x00,0x00,0x0c,0x50,0x00,0x00,0x00,0x00,0x1c,0x70,0x00,0x00,0x00,0x2b,0xff,0xfe,0x80,
    0x00,0x02,0xef,0xff,0xff,0xfa,0x00,0x0a,0xff,0x8c,0x6c,0xff,0x30,0x1f,0xfd,0x0c,0x53,0x96,0x20,0x3f,0xfa,0x0c,0x50,0x00,
    0x00,0x3f,0xf9,0x0c,0x50,0x00,0x00,0x1f,0xfc,0x0c,0x52,0x64,0x10,0x0c,0xff,0x5c,0x5a,0xff,0x40,0x04,0xff,0xff,0xef,0xfc,
    0x00,0x00,0x5e,0xff,0xff,0xb1,0x00,0x00,0x00,0x4d,0x93,0x00,0x00,0x00,0x00,0x0c,0x50,0x00,0x00,0x00,0x01,0x8d,0xfd,0xa2,
    0x00,0x00,0x1d,0xff,0xff,0xfe,0x30,0x00,0x8f,0xfc,0x89,0xff,0xd0,0x00,0xcf,0xe1,0x00,0x8d,0xb1,0x00,0xcf,0xd0,0x00,0x00,
    0x00,0x14,0xdf,0xe4,0x44,0x20,0x00,0x2f,0xff,0xff,0xff,0x80,0x00,0x2f,0xff,0xff,0xff,0x80,0x00,0x00,0xaf,0xf0,0x00,0x00,
    0x00,0x00,0x9f,0xf0,0x00,0x00,0x00,0x00,0x9f,0xc0,0x00,0x28,0x83,0x19,0xff,0x87,0x77,0xaf,0xf4,0x2f,0xff,0xff,0xff,0xff,
    0xe1,0x2f,0xff,0xff,0xff,0xfc,0x40,0x00,0x40,0x00,0x34,0x10,0x02,0x20,0x04,0xf6,0x5d,0xff,0xf9,0x1d,0xc0,0x06,0xff,0xff,
    0xff,0xff,0xef,0xd1,0x00,0xaf,0xe6,0x11,0x3b,0xff,0x20,0x00,0xce,0x20,0x00,0x00,0xaf,0x40,0x04,0xf8,0x00,0x00,0x00,0x2f,
    0xa0,0x06,0xf5,0x00,0x00,0x00,0x0d,0xd0,0x05,0xf5,0x00,0x00,0x00,0x0e,0xc0,0x02,0xfa,0x00,0x00,0x00,0x3f,0x90,0x00,0xbf,
    0x60,0x00,0x01,0xdf,0x20,0x01,0xdf,0xfa,0x65,0x8e,0xff,0x70,0x08,0xfc,0xef,0xff,0xff,0xaf,0xe1,0x01,0xb1,0x29,0xef,0xc5,
    0x07,0x60,0x00,0x00,0x00,0x00,0x00,0x00,0x00,0x7f,0xf6,0x00,0x09,0xff,0x50,0x0d,0xfd,0x00,0x2f,0xfb,0x00,0x06,0xff,0x60,
    0x8f,0xf3,0x00,0x00,0xcf,0xd1,0xef,0xa0,0x00,0x00,0x4f,0xfc,0xff,0x20,0x00,0x04,0x4d,0xff,0xfb,0x42,0x00,0x0f,0xff,0xff,
    0xff,0xf8,0x00,0x0f,0xff,0xff,0xff,0xf8,0x00,0x00,0x00,0xff,0xc0,0x00,0x00,0x0f,0xff,0xff,0xff,0xf8,0x00,0x0f,0xff,0xff,
    0xff,0xf8,0x00,0x04,0x44,0xff,0xd4,0x42,0x00,0x00,0x00,0xff,0xc0,0x00,0x00,0x00,0x00,0xff,0xc0,0x00,0x00,0x00,0xff,0x70,
    0x00,0xff,0x70,0x00,0xff,0x70,0x00,0xff,0x70,0x00,0xff,0x70,0x00,0xff,0x70,0x00,0x00,0x00,0x00,0x00,0x00,0x00,0x00,0x00,
    0x00,0x00,0x00,0x00,0xff,0x70,0x00,0xff,0x70,0x00,0xff,0x70,0x00,0xff,0x70,0x00,0xff,0x70,0x00,0xff,0x70,0x00,0x29,0xde,
    0xc6,0x00,0x00,0x01,0xef,0xff,0xff,0x80,0x00,0x06,0xff,0x85,0xbf,0xf1,0x00,0x08,0xff,0x00,0x29,0x61,0x00,0x05,0xff,0x70,
    0x00,0x00,0x00,0x00,0xbf,0xfd,0x71,0x00,0x00,0x02,0x9f,0xff,0xff,0x80,0x00,0x0d,0xf4,0x17,0xdf,0xf8,0x00,0x1f,0xf2,0x00,
    0x09,0xfd,0x00,0x0d,0xfd,0x50,0x05,0xfc,0x00,0x04,0xef,0xfd,0x8d,0xd3,0x00,0x00,0x18,0xef,0xfe,0x40,0x00,0x00,0x00,0x06,
    0xdf,0xe1,0x00,0x00,0x33,0x00,0x4f,0xf5,0x00,0x0a,0xfe,0x30,0x7f,0xf4,0x00,0x03,0xff,0xff,0xff,0xd0,0x00,0x00,0x5d,0xff,
    0xfc,0x20,0x00,0x00,0x00,0x34,0x20,0x00,0x00,0x00,0x03,0x20,0x03,0x20,0x00,0x00,0x6f,0xf2,0x4f,0xf3,0x00,0x00,0x4e,0xc1,
    0x3d,0xd2,0x00,0x00,0x00,0x00,0x00,0x00,0x00,0x00,0x00,0x00,0x00,0x00,0x00,0x00,0x00,0x00,0x00,0x00,0x00,0x00,0x00,0x00,
    0x00,0x00,0x00,0x00,0x00,0x00,0x00,0x00,0x00,0x00,0x00,0x00,0x00,0x00,0x00,0x00,0x00,0x00,0x00,0x00,0x00,0x00,0x00,0x00,
    0x00,0x00,0x00,0x00,0x00,0x00,0x00,0x00,0x00,0x00,0x00,0x00,0x00,0x00,0x00,0x00,0x00,0x00,0x00,0x00,0x00,0x00,0x00,0x00,
    0x00,0x00,0x00,0x00,0x00,0x03,0x9d,0xfe,0xb5,0x00,0x00,0x00,0x00,0x00,0x8f,0xff,0xff,0xff,0xc2,0x00,0x00,0x00,0x09,0xff,
    0xd7,0x56,0xaf,0xfd,0x10,0x00,0x00,0x5f,0xf8,0x01,0x42,0x04,0xef,0xa0,0x00,0x00,0xcf,0xa0,0x7e,0xff,0xb1,0x5f,0xf3,0x00,
    0x02,0xff,0x25,0xff,0xff,0xfb,0x0c,0xf8,0x00,0x05,0xfd,0x0d,0xf8,0x13,0xdf,0x38,0xfb,0x00,0x06,0xfc,0x0f,0xd0,0x00,0x12,
    0x16,0xfc,0x00,0x05,0xfd,0x0f,0xe1,0x00,0x56,0x28,0xfb,0x00,0x02,0xff,0x2b,0xfb,0x57,0xff,0x1c,0xf8,0x00,0x00,0xcf,0xa3,
    0xff,0xff,0xf8,0x5f,0xf3,0x00,0x00,0x5f,0xf8,0x3b,0xed,0x74,0xef,0xa0,0x00,0x00,0x09,0xff,0xd7,0x56,0xaf,0xfd,0x10,0x00,
    0x00,0x00,0x8f,0xff,0xff,0xff,0xc2,0x00,0x00,0x00,0x00,0x03,0x9d,0xfe,0xb5,0x00,0x00,0x00,0x01,0x9e,0xfd,0x70,0x00,0x0d,
    0xfc,0x9d,0xf8,0x00,0x03,0x50,0x06,0xfc,0x00,0x02,0x7a,0xcf,0xfd,0x00,0x2e,0xfa,0x78,0xfd,0x00,0x7f,0xa0,0x07,0xfd,0x00,
    0x4f,0xfa,0xae,0xfd,0x00,0x07,0xdf,0xc6,0xfd,0x00,0x00,0x00,0x00,0x00,0x00,0x00,0x00,0x00,0x00,0x00,0x00,0x00,0x00,0x00,
    0x00,0x00,0x00,0x00,0x00,0x00,0x00,0x00,0x00,0x00,0x00,0x00,0x00,0x00,0x00,0x00,0x00,0x01,0xcf,0xe2,0x8f,0xf7,0x00,0x00,
    0x0a,0xff,0x55,0xff,0xa0,0x00,0x00,0x7f,0xf7,0x3e,0xfc,0x10,0x00,0x05,0xff,0xa1,0xdf,0xe2,0x00,0x00,0x1e,0xff,0x19,0xff,
    0x60,0x00,0x00,0x06,0xff,0x92,0xef,0xd1,0x00,0x00,0x00,0x8f,0xf7,0x3f,0xfb,0x00,0x00,0x00,0x0b,0xff,0x46,0xff,0x90,0x00,
    0x00,0x01,0xcf,0xe2,0x8f,0xf6,0x00,0x00,0x00,0x00,0x00,0x00,0x00,0x00,0x00,0x00,0x00,0x00,0x00,0x00,0x00,0x00,0x44,0x44,
    0x44,0x44,0x20,0x00,0x00,0xff,0xff,0xff,0xff,0x60,0x00,0x00,0xff,0xff,0xff,0xff,0x60,0x00,0x00,0x00,0x00,0x00,0xef,0x60,
    0x00,0x00,0x00,0x00,0x00,0xef,0x60,0x00,0x00,0x00,0x00,0x00,0x77,0x30,0x00,0x00,0x00,0x00,0x00,0x00,0x00,0x00,0x00,0x00,
    0x00,0x00,0x00,0x00,0x00,0x00,0x01,0x7b,0xca,0x40,0x00,0x00,0x00,0x3d,0xff,0xff,0xf9,0x00,0x00,0x01,0xef,0x72,0x13,0xbf,
    0x80,0x00,0x08,0xf4,0x00,0x00,0x0a,0xf2,0x00,0x0d,0xa0,0xaf,0xfd,0x22,0xf7,0x00,0x1f,0x60,0xa9,0x1f,0x60,0xca,0x00,0x1f,
    0x50,0xae,0xed,0x10,0xca,0x00,0x0e,0x90,0xa9,0x4f,0x21,0xe8,0x00,0x09,0xe3,0x66,0x08,0x58,0xf3,0x00,0x02,0xee,0x50,0x01,
    0x9f,0xa0,0x00,0x00,0x4e,0xfe,0xdf,0xfc,0x10,0x00,0x00,0x02,0xae,0xfc,0x70,0x00,0x00,0x00,0x00,0x00,0x00,0x00,0x00,0x00,
    0x00,0x00,0x00,0x00,0x00,0x00,0x00,0x00,0x00,0x00,0x00,0x00,0x00,0x00,0x02,0x44,0x44,0x40,0x08,0xff,0xff,0xd0,0x08,0xff,
    0xff,0xd0,0x00,0x00,0x00,0x00,0x00,0x00,0x00,0x00,0x00,0x00,0x00,0x00,0x00,0x00,0x00,0x00,0x00,0x00,0x00,0x00,0x00,0x00,
    0x00,0x00,0x00,0x00,0x00,0x00,0x00,0x00,0x00,0x00,0x00,0x00,0x00,0x00,0x00,0x00,0x00,0x00,0x00,0x00,0x00,0x00,0x00,0x00,
    0x00,0x00,0x00,0x00,0x00,0x00,0x00,0x5d,0xeb,0x30,0x00,0x05,0xff,0xff,0xe1,0x00,0x0c,0xf9,0x5c,0xf7,0x00,0x0e,0xf0,0x04,
    0xf9,0x00,0x0c,0xf9,0x5c,0xf7,0x00,0x05,0xff,0xff,0xe1,0x00,0x00,0x5d,0xfb,0x30,0x00,0x00,0x00,0x00,0x00,0x00,0x00,0x00,
    0x00,0x00,0x00,0x00,0x00,0x00,0x00,0x00,0x00,0x00,0x00,0x00,0x00,0x00,0x00,0x00,0x00,0x00,0x00,0x00,0x00,0x00,0x00,0x00,
    0x00,0x00,0x00,0x00,0x00,0x00,0x00,0x00,0x00,0x00,0x00,0x0b,0xf9,0x00,0x00,0x00,0x00,0x00,0x0b,0xf9,0x00,0x00,0x00,0x04,
    0xff,0xff,0xff,0xff,0xf3,0x00,0x04,0xff,0xff,0xff,0xff,0xf3,0x00,0x01,0x44,0x4c,0xfb,0x44,0x41,0x00,0x00,0x00,0x0b,0xf9,
    0x00,0x00,0x00,0x00,0x00,0x0b,0xf9,0x00,0x00,0x00,0x00,0x00,0x00,0x00,0x00,0x00,0x00,0x04,0xff,0xff,0xff,0xff,0xf3,0x00,
    0x04,0xff,0xff,0xff,0xff,0xf3,0x00,0x01,0x44,0x44,0x44,0x44,0x41,0x00,0x02,0xae,0xec,0x60,0x00,0x0d,0xfb,0x9e,0xf5,0x00,
    0x06,0x60,0x08,0xf9,0x00,0x00,0x00,0x2d,0xf6,0x00,0x00,0x05,0xef,0xa0,0x00,0x00,0x8f,0xe7,0x00,0x00,0x0a,0xff,0xb8,0x87,
    0x00,0x0e,0xff,0xff,0xfc,0x00,0x00,0x00,0x00,0x00,0x00,0x00,0x00,0x00,0x00,0x00,0x00,0x00,0x00,0x00,0x00,0x00,0x00,0x00,
    0x00,0x00,0x00,0x00,0x00,0x00,0x00,0x00,0x00,0x00,0x00,0x00,0x00,0x00,0x00,0x00,0x00,0x00,0x00,0x00,0x00,0x00,0x01,0x8d,
    0xfd,0x70,0x00,0x0a,0xfd,0x9e,0xf7,0x00,0x05,0x61,0x07,0xfa,0x00,0x00,0x05,0x9e,0xe4,0x00,0x00,0x09,0xff,0xb4,0x00,0x03,
    0x30,0x17,0xff,0x10,0x0d,0xfc,0x9d,0xfd,0x00,0x02,0xae,0xfe,0x92,0x00,0x00,0x00,0x00,0x00,0x00,0x00,0x00,0x00,0x00,0x00,
    0x00,0x00,0x00,0x00,0x00,0x00,0x00,0x00,0x00,0x00,0x00,0x00,0x00,0x00,0x00,0x00,0x00,0x00,0x00,0x00,0x00,0x00,0x00,0x00,
    0x00,0x00,0x00,0x00,0x00,0x00,0x00,0x5f,0xf2,0x00,0x00,0xcf,0x70,0x00,0x03,0xfc,0x00,0x00,0x00,0x00,0x00,0x00,0x00,0x00,
    0x00,0x00,0x00,0x00,0x00,0x00,0x00,0x00,0x00,0x00,0x00,0x00,0x00,0x00,0x00,0x00,0x00,0x00,0x00,0x00,0x00,0x00,0x00,0x00,
    0x00,0x00,0x00,0x00,0x00,0x00,0x00,0x00,0x00,0x00,0x00,0x00,0x00,0x00,0x00,0x00,0x00,0x00,0x0c,0xff,0x00,0x02,0xff,0xa0,
    0x0c,0xff,0x00,0x02,0xff,0xa0,0x0c,0xff,0x00,0x02,0xff,0xa0,0x0c,0xff,0x00,0x02,0xff,0xa0,0x0c,0xff,0x00,0x02,0xff,0xa0,
    0x0c,0xff,0x00,0x02,0xff,0xa0,0x0c,0xff,0x00,0x02,0xff,0xa0,0x0c,0xff,0x20,0x05,0xff,0xa0,0x0c,0xff,0xc4,0x5d,0xff,0xd3,
    0x0c,0xff,0xef,0xfe,0xcf,0xfd,0x0c,0xff,0x5d,0xd5,0x3c,0xfd,0x0c,0xff,0x00,0x00,0x00,0x00,0x0c,0xff,0x00,0x00,0x00,0x00,
    0x0c,0xff,0x00,0x00,0x00,0x00,0x0c,0xff,0x00,0x00,0x00,0x00,0x00,0x3a,0xef,0xff,0xff,0x20,0x04,0xff,0xff,0xff,0xff,0x20,
    0x0d,0xff,0xff,0x66,0xff,0x20,0x2f,0xff,0xff,0x32,0xff,0x20,0x4f,0xff,0xff,0x32,0xff,0x20,0x2f,0xff,0xff,0x32,0xff,0x20,
    0x0c,0xff,0xff,0x32,0xff,0x20,0x02,0xef,0xff,0x32,0xff,0x20,0x00,0x18,0xbd,0x32,0xff,0x20,0x00,0x00,0x00,0x02,0xff,0x20,
    0x00,0x00,0x00,0x02,0xff,0x20,0x00,0x00,0x00,0x02,0xff,0x20,0x00,0x00,0x00,0x02,0xff,0x20,0x00,0x00,0x00,0x02,0xff,0x20,
    0x01,0xce,0x50,0x06,0xff,0xb0,0x01,0xce,0x50,0x00,0x00,0x00,0x00,0x00,0x00,0x00,0x00,0x00,0x00,0x00,0x00,0x00,0x00,0x00,
    0x00,0x14,0x00,0x00,0x00,0x4e,0x00,0x00,0x00,0x6f,0xd4,0x00,0x00,0x01,0xea,0x00,0x00,0xcf,0xf5,0x00,0x00,0x22,0x10,0x00,
    0x02,0xbf,0xf4,0x0e,0xff,0xf4,0x0c,0x4d,0xf4,0x00,0x0d,0xf4,0x00,0x0d,0xf4,0x00,0x0d,0xf4,0x00,0x0d,0xf4,0x00,0x0d,0xf4,
    0x00,0x00,0x00,0x00,0x00,0x00,0x00,0x00,0x00,0x00,0x00,0x00,0x00,0x00,0x00,0x00,0x00,0x00,0x00,0x00,0x00,0x00,0x00,0x00,
    0x00,0x7d,0xfe,0x91,0x00,0x09,0xfe,0x9c,0xfd,0x10,0x2f,0xf3,0x00,0xdf,0x60,0x5f,0xd0,0x00,0x9f,0xa0,0x5f,0xd0,0x00,0x9f,
    0xa0,0x2f,0xf3,0x00,0xdf,0x60,0x09,0xfe,0x9c,0xfd,0x10,0x00,0x7d,0xfe,0x91,0x00,0x00,0x00,0x00,0x00,0x00,0x00,0x00,0x00,
    0x00,0x00,0x00,0x00,0x00,0x00,0x00,0x00,0x00,0x00,0x00,0x00,0x00,0x00,0x00,0x00,0x00,0x00,0x00,0x00,0x00,0x00,0x1d,0xfe,
    0x28,0xff,0x60,0x00,0x00,0x02,0xef,0xc1,0xbf,0xf3,0x00,0x00,0x00,0x5f,0xfa,0x1d,0xfe,0x20,0x00,0x00,0x08,0xff,0x73,0xef,
    0xc1,0x00,0x00,0x00,0xdf,0xf2,0x8f,0xf7,0x00,0x00,0x06,0xff,0x92,0xef,0xd1,0x00,0x00,0x4f,0xfb,0x1d,0xfe,0x20,0x00,0x02,
    0xef,0xd1,0xbf,0xf4,0x00,0x00,0x1d,0xfe,0x28,0xff,0x60,0x00,0x00,0x00,0x00,0x00,0x00,0x00,0x00,0x00,0x00,0x00,0x00,0x00,
    0x00,0x00,0x00,0x05,0xef,0x60,0x00,0x00,0x0c,0xe2,0x00,0x3f,0xef,0x60,0x00,0x00,0x8f,0x60,0x00,0x37,0x7f,0x60,0x00,0x03,
    0xfa,0x00,0x00,0x00,0x7f,0x60,0x00,0x1d,0xe1,0x00,0x00,0x00,0x7f,0x60,0x00,0x9f,0x50,0x00,0x00,0x00,0x7f,0x60,0x04,0xfa,
    0x00,0x00,0x00,0x00,0x7f,0x60,0x1d,0xe1,0x02,0xff,0x80,0x00,0x7f,0x60,0x9f,0x50,0x0a,0xff,0x80,0x00,0x00,0x04,0xf9,0x00,
    0x3f,0xcf,0x80,0x00,0x00,0x1e,0xd1,0x00,0xbf,0x5f,0x80,0x00,0x00,0xaf,0x40,0x04,0xf9,0x3f,0x80,0x00,0x05,0xf9,0x00,0x0b,
    0xfa,0xaf,0xc4,0x00,0x1e,0xd1,0x00,0x0c,0xff,0xff,0xf7,0x00,0xaf,0x40,0x00,0x00,0x00,0x4f,0x80,0x05,0xef,0x60,0x00,0x00,
    0x0c,0xe2,0x00,0x00,0x3f,0xef,0x60,0x00,0x00,0x8f,0x60,0x00,0x00,0x37,0x7f,0x60,0x00,0x03,0xfa,0x00,0x00,0x00,0x00,0x7f,
    0x60,0x00,0x1d,0xe1,0x00,0x00,0x00,0x00,0x7f,0x60,0x00,0x9f,0x50,0x00,0x00,0x00,0x00,0x7f,0x60,0x04,0xfa,0x00,0x00,0x00,
    0x00,0x00,0x7f,0x60,0x1d,0xe1,0x07,0xee,0xb2,0x00,0x00,0x7f,0x60,0x9f,0x50,0x5f,0xfe,0xfb,0x00,0x00,0x00,0x04,0xf9,0x00,
    0x7b,0x31,0xed,0x00,0x00,0x00,0x1e,0xd1,0x00,0x00,0x04,0xf8,0x00,0x00,0x00,0xaf,0x40,0x00,0x00,0x5e,0xb0,0x00,0x00,0x05,
    0xf9,0x00,0x00,0x06,0xfb,0x00,0x00,0x00,0x1e,0xd1,0x00,0x00,0x6f,0xfd,0xdd,0x10,0x00,0xaf,0x40,0x00,0x00,0x8f,0xff,0xff,
    0x10,0x02,0xbf,0xd7,0x00,0x00,0x00,0x7f,0x70,0x00,0x0e,0xfd,0xff,0x40,0x00,0x02,0xfc,0x00,0x00,0x14,0x30,0x9f,0x50,0x00,
    0x0c,0xe2,0x00,0x00,0x00,0x4f,0xf8,0x00,0x00,0x7f,0x60,0x00,0x00,0x00,0x13,0xaf,0x60,0x03,0xfb,0x00,0x00,0x00,0x15,0x40,
    0x6f,0xa0,0x0c,0xe2,0x00,0x00,0x00,0x2f,0xfd,0xff,0x70,0x8f,0x60,0x0a,0xff,0x00,0x03,0xcf,0xd7,0x03,0xfb,0x00,0x3f,0xff,
    0x00,0x00,0x00,0x00,0x1d,0xe1,0x00,0xbe,0xdf,0x00,0x00,0x00,0x00,0x9f,0x50,0x05,0xf8,0xbf,0x00,0x00,0x00,0x04,0xfa,0x00,
    0x0d,0xe1,0xbf,0x00,0x00,0x00,0x1d,0xe1,0x00,0x5f,0xd8,0xdf,0x80,0x00,0x00,0x9f,0x50,0x00,0x6f,0xff,0xff,0xd0,0x00,0x04,
    0xfa,0x00,0x00,0x00,0x00,0xcf,0x00,0x00,0x00,0x6e,0xc1,0x00,0x00,0x00,0x00,0xdf,0xf5,0x00,0x00,0x00,0x00,0x7e,0xc1,0x00,
    0x00,0x00,0x00,0x00,0x00,0x00,0x00,0x00,0x00,0x49,0x90,0x00,0x00,0x00,0x00,0x9f,0xf0,0x00,0x00,0x00,0x02,0xef,0xc0,0x00,
    0x00,0x00,0x4e,0xff,0x60,0x00,0x00,0x04,0xff,0xf7,0x00,0x00,0x00,0x0c,0xff,0x60,0x00,0x00,0x00,0x1f,0xfc,0x00,0x03,0x33,
    0x00,0x0f,0xfd,0x00,0x1e,0xfc,0x00,0x0c,0xff,0xa6,0xbf,0xf8,0x00,0x03,0xff,0xff,0xff,0xd1,0x00,0x00,0x2a,0xef,0xd9,0x10,
    0x00,0x00,0x00,0x7f,0xe1,0x00,0x00,0x00,0x00,0x00,0x0c,0xf6,0x00,0x00,0x00,0x00,0x00,0x03,0xfd,0x00,0x00,0x00,0x00,0x00,
    0x00,0x00,0x00,0x00,0x00,0x00,0x00,0x1e,0xff,0xf1,0x00,0x00,0x00,0x00,0x5f,0xff,0xf6,0x00,0x00,0x00,0x00,0xaf,0xed,0xfb,
    0x00,0x00,0x00,0x01,0xef,0xa9,0xff,0x20,0x00,0x00,0x05,0xff,0x65,0xff,0x70,0x00,0x00,0x0a,0xff,0x21,0xff,0xc0,0x00,0x00,
    0x1f,0xfc,0x00,0xbf,0xf2,0x00,0x00,0x5f,0xf7,0x00,0x6f,0xf7,0x00,0x00,0xaf,0xff,0xff,0xff,0xfc,0x00,0x01,0xff,0xff,0xff,
    0xff,0xff,0x30,0x06,0xff,0xa5,0x55,0x59,0xff,0x80,0x0b,0xff,0x40,0x00,0x02,0xff,0xd0,0x1f,0xfe,0x00,0x00,0x00,0xdf,0xf3,
    0x6f,0xfb,0x00,0x00,0x00,0x9f,0xf8,0x00,0x00,0x00,0x0d,0xf9,0x00,0x00,0x00,0x00,0x00,0x5f,0xe1,0x00,0x00,0x00,0x00,0x00,
    0xbf,0x50,0x00,0x00,0x00,0x00,0x00,0x00,0x00,0x00,0x00,0x00,0x00,0x1e,0xff,0xf1,0x00,0x00,0x00,0x00,0x5f,0xff,0xf6,0x00,
    0x00,0x00,0x00,0xaf,0xed,0xfb,0x00,0x00,0x00,0x01,0xef,0xa9,0xff,0x20,0x00,0x00,0x05,0xff,0x65,0xff,0x70,0x00,0x00,0x0a,
    0xff,0x21,0xff,0xc0,0x00,0x00,0x1f,0xfc,0x00,0xbf,0xf2,0x00,0x00,0x5f,0xf7,0x00,0x6f,0xf7,0x00,0x00,0xaf,0xff,0xff,0xff,
    0xfc,0x00,0x01,0xff,0xff,0xff,0xff,0xff,0x30,0x06,0xff,0xa5,0x55,0x59,0xff,0x80,0x0b,0xff,0x40,0x00,0x02,0xff,0xd0,0x1f,
    0xfe,0x00,0x00,0x00,0xdf,0xf3,0x6f,0xfb,0x00,0x00,0x00,0x9f,0xf8,0x00,0x00,0x07,0xff,0x90,0x00,0x00,0x00,0x00,0x6f,0xdc,
    0xf7,0x00,0x00,0x00,0x04,0xfe,0x31,0xef,0x60,0x00,0x00,0x00,0x00,0x00,0x00,0x00,0x00,0x00,0x00,0x1e,0xff,0xf1,0x00,0x00,
    0x00,0x00,0x5f,0xff,0xf6,0x00,0x00,0x00,0x00,0xaf,0xed,0xfb,0x00,0x00,0x00,0x01,0xef,0xa9,0xff,0x20,0x00,0x00,0x05,0xff,
    0x65,0xff,0x70,0x00,0x00,0x0a,0xff,0x21,0xff,0xc0,0x00,0x00,0x1f,0xfc,0x00,0xbf,0xf2,0x00,0x00,0x5f,0xf7,0x00,0x6f,0xf7,
    0x00,0x00,0xaf,0xff,0xff,0xff,0xfc,0x00,0x01,0xff,0xff,0xff,0xff,0xff,0x30,0x06,0xff,0xa5,0x55,0x59,0xff,0x80,0x0b,0xff,
    0x40,0x00,0x02,0xff,0xd0,0x1f,0xfe,0x00,0x00,0x00,0xdf,0xf3,0x6f,0xfb,0x00,0x00,0x00,0x9f,0xf8,0x00,0x00,0x28,0x61,0x39,
    0x20,0x00,0x00,0x00,0xcf,0xfd,0xdf,0x10,0x00,0x00,0x01,0xf8,0x3b,0xe7,0x00,0x00,0x00,0x00,0x00,0x00,0x00,0x00,0x00,0x00,
    0x00,0x1e,0xff,0xf1,0x00,0x00,0x00,0x00,0x5f,0xff,0xf6,0x00,0x00,0x00,0x00,0xaf,0xed,0xfb,0x00,0x00,0x00,0x01,0xef,0xa9,
    0xff,0x20,0x00,0x00,0x05,0xff,0x65,0xff,0x70,0x00,0x00,0x0a,0xff,0x21,0xff,0xc0,0x00,0x00,0x1f,0xfc,0x00,0xbf,0xf2,0x00,
    0x00,0x5f,0xf7,0x00,0x6f,0xf7,0x00,0x00,0xaf,0xff,0xff,0xff,0xfc,0x00,0x01,0xff,0xff,0xff,0xff,0xff,0x30,0x06,0xff,0xa5,
    0x55,0x59,0xff,0x80,0x0b,0xff,0x40,0x00,0x02,0xff,0xd0,0x1f,0xfe,0x00,0x00,0x00,0xdf,0xf3,0x6f,0xfb,0x00,0x00,0x00,0x9f,
    0xf8,0x00,0x00,0x22,0x00,0x23,0x00,0x00,0x00,0x04,0xff,0x42,0xff,0x60,0x00,0x00,0x02,0xdd,0x21,0xce,0x30,0x00,0x00,0x00,
    0x00,0x00,0x00,0x00,0x00,0x00,0x00,0x1e,0xff,0xf1,0x00,0x00,0x00,0x00,0x5f,0xff,0xf6,0x00,0x00,0x00,0x00,0xaf,0xed,0xfb,
    0x00,0x00,0x00,0x01,0xef,0xa9,0xff,0x20,0x00,0x00,0x05,0xff,0x65,0xff,0x70,0x00,0x00,0x0a,0xff,0x21,0xff,0xc0,0x00,0x00,
    0x1f,0xfc,0x00,0xbf,0xf2,0x00,0x00,0x5f,0xf7,0x00,0x6f,0xf7,0x00,0x00,0xaf,0xff,0xff,0xff,0xfc,0x00,0x01,0xff,0xff,0xff,
    0xff,0xff,0x30,0x06,0xff,0xa5,0x55,0x59,0xff,0x80,0x0b,0xff,0x40,0x00,0x02,0xff,0xd0,0x1f,0xfe,0x00,0x00,0x00,0xdf,0xf3,
    0x6f,0xfb,0x00,0x00,0x00,0x9f,0xf8,0x00,0x00,0x06,0xde,0x80,0x00,0x00,0x00,0x00,0x3f,0x75,0xf5,0x00,0x00,0x00,0x00,0x6f,
    0x00,0xd9,0x00,0x00,0x00,0x00,0x4f,0x42,0xf6,0x00,0x00,0x00,0x00,0x09,0xff,0xb0,0x00,0x00,0x00,0x00,0x00,0x11,0x00,0x00,
    0x00,0x00,0x00,0x1e,0xff,0xf1,0x00,0x00,0x00,0x00,0x5f,0xff,0xf6,0x00,0x00,0x00,0x00,0xaf,0xed,0xfb,0x00,0x00,0x00,0x01,
    0xef,0xa9,0xff,0x20,0x00,0x00,0x05,0xff,0x65,0xff,0x70,0x00,0x00,0x0a,0xff,0x21,0xff,0xc0,0x00,0x00,0x1f,0xfc,0x00,0xbf,
    0xf2,0x00,0x00,0x5f,0xf7,0x00,0x6f,0xf7,0x00,0x00,0xaf,0xff,0xff,0xff,0xfc,0x00,0x01,0xff,0xff,0xff,0xff,0xff,0x30,0x06,
    0xff,0xa5,0x55,0x59,0xff,0x80,0x0b,0xff,0x40,0x00,0x02,0xff,0xd0,0x1f,0xfe,0x00,0x00,0x00,0xdf,0xf3,0x6f,0xfb,0x00,0x00,
    0x00,0x9f,0xf8,0x00,0x00,0x00,0xcf,0xff,0xff,0xff,0xff,0xff,0x60,0x00,0x00,0x03,0xff,0xde,0xff,0xff,0xff,0xff,0x60,0x00,
    0x00,0x0a,0xff,0x3b,0xff,0x44,0x44,0x44,0x20,0x00,0x00,0x1f,0xfd,0x0b,0xff,0x00,0x00,0x00,0x00,0x00,0x00,0x7f,0xf7,0x0b,
    0xff,0x00,0x00,0x00,0x00,0x00,0x00,0xef,0xf1,0x0b,0xff,0x44,0x44,0x44,0x00,0x00,0x05,0xff,0xa0,0x0b,0xff,0xff,0xff,0xfe,
    0x00,0x00,0x0c,0xff,0x40,0x0b,0xff,0xff,0xff,0xfe,0x00,0x00,0x3f,0xfe,0x44,0x4c,0xff,0x00,0x00,0x00,0x00,0x00,0x9f,0xff,
    0xff,0xff,0xff,0x00,0x00,0x00,0x00,0x01,0xff,0xff,0xff,0xff,0xff,0x00,0x00,0x00,0x00,0x07,0xff,0xb0,0x00,0x0b,0xff,0x44,
    0x44,0x44,0x20,0x0d,0xff,0x40,0x00,0x0b,0xff,0xff,0xff,0xff,0x60,0x5f,0xfc,0x00,0x00,0x0b,0xff,0xff,0xff,0xff,0x60,0x00,
    0x00,0x5b,0xef,0xda,0x30,0x00,0x00,0x1b,0xff,0xff,0xff,0xf8,0x00,0x00,0xbf,0xfc,0x65,0x8e,0xff,0x60,0x06,0xff,0xb0,0x00,
    0x03,0xff,0xd0,0x0b,0xff,0x30,0x00,0x00,0x9b,0xb2,0x0f,0xfd,0x00,0x00,0x00,0x00,0x00,0x1f,0xfc,0x00,0x00,0x00,0x00,0x00,
    0x1f,0xfc,0x00,0x00,0x00,0x00,0x00,0x0f,0xfd,0x00,0x00,0x00,0x00,0x00,0x0b,0xff,0x30,0x00,0x00,0x9c,0xc2,0x06,0xff,0xb0,
    0x00,0x03,0xff,0xd0,0x00,0xcf,0xfc,0x65,0x8e,0xff,0x50,0x00,0x1c,0xff,0xff,0xff,0xf7,0x00,0x00,0x00,0x6b,0xff,0xd9,0x30,
    0x00,0x00,0x00,0x00,0x6c,0x00,0x00,0x00,0x00,0x00,0x00,0x8f,0xc3,0x00,0x00,0x00,0x00,0x00,0x02,0xf8,0x00,0x00,0x00,0x00,
    0x00,0xef,0xe4,0x00,0x00,0x00,0x00,0x00,0x22,0x00,0x00,0x00,0x00,0x0a,0xfd,0x00,0x00,0x00,0x00,0x01,0xef,0x40,0x00,0x00,
    0x00,0x00,0x5f,0xa0,0x00,0x00,0x00,0x00,0x00,0x00,0x00,0x00,0x0b,0xff,0xff,0xff,0xff,0x80,0x0b,0xff,0xff,0xff,0xff,0x80,
    0x0b,0xff,0x54,0x44,0x44,0x20,0x0b,0xff,0x10,0x00,0x00,0x00,0x0b,0xff,0x10,0x00,0x00,0x00,0x0b,0xff,0x54,0x44,0x44,0x00,
    0x0b,0xff,0xff,0xff,0xff,0x00,0x0b,0xff,0xff,0xff,0xff,0x00,0x0b,0xff,0x10,0x00,0x00,0x00,0x0b,0xff,0x10,0x00,0x00,0x00,
    0x0b,0xff,0x10,0x00,0x00,0x00,0x0b,0xff,0x54,0x44,0x44,0x20,0x0b,0xff,0xff,0xff,0xff,0x80,0x0b,0xff,0xff,0xff,0xff,0x80,
    0x00,0x00,0x01,0xef,0x70,0x00,0x00,0x00,0x07,0xfc,0x00,0x00,0x00,0x00,0x0d,0xf3,0x00,0x00,0x00,0x00,0x00,0x00,0x00,0x00,
    0x0b,0xff,0xff,0xff,0xff,0x80,0x0b,0xff,0xff,0xff,0xff,0x80,0x0b,0xff,0x54,0x44,0x44,0x20,0x0b,0xff,0x10,0x00,0x00,0x00,
    0x0b,0xff,0x10,0x00,0x00,0x00,0x0b,0xff,0x54,0x44,0x44,0x00,0x0b,0xff,0xff,0xff,0xff,0x00,0x0b,0xff,0xff,0xff,0xff,0x00,
    0x0b,0xff,0x10,0x00,0x00,0x00,0x0b,0xff,0x10,0x00,0x00,0x00,0x0b,0xff,0x10,0x00,0x00,0x00,0x0b,0xff,0x54,0x44,0x44,0x20,
    0x0b,0xff,0xff,0xff,0xff,0x80,0x0b,0xff,0xff,0xff,0xff,0x80,0x00,0x00,0x9f,0xf6,0x00,0x00,0x00,0x08,0xfb,0xdf,0x50,0x00,
    0x00,0x7f,0xd1,0x3f,0xf4,0x00,0x00,0x00,0x00,0x00,0x00,0x00,0x0b,0xff,0xff,0xff,0xff,0x80,0x0b,0xff,0xff,0xff,0xff,0x80,
    0x0b,0xff,0x54,0x44,0x44,0x20,0x0b,0xff,0x10,0x00,0x00,0x00,0x0b,0xff,0x10,0x00,0x00,0x00,0x0b,0xff,0x54,0x44,0x44,0x00,
    0x0b,0xff,0xff,0xff,0xff,0x00,0x0b,0xff,0xff,0xff,0xff,0x00,0x0b,0xff,0x10,0x00,0x00,0x00,0x0b,0xff,0x10,0x00,0x00,0x00,
    0x0b,0xff,0x10,0x00,0x00,0x00,0x0b,0xff,0x54,0x44,0x44,0x20,0x0b,0xff,0xff,0xff,0xff,0x80,0x0b,0xff,0xff,0xff,0xff,0x80,
    0x00,0x03,0x20,0x03,0x20,0x00,0x00,0x6f,0xe2,0x4f,0xf3,0x00,0x00,0x4e,0xc1,0x3d,0xd2,0x00,0x00,0x00,0x00,0x00,0x00,0x00,
    0x0b,0xff,0xff,0xff,0xff,0x80,0x0b,0xff,0xff,0xff,0xff,0x80,0x0b,0xff,0x54,0x44,0x44,0x20,0x0b,0xff,0x10,0x00,0x00,0x00,
    0x0b,0xff,0x10,0x00,0x00,0x00,0x0b,0xff,0x54,0x44,0x44,0x00,0x0b,0xff,0xff,0xff,0xff,0x00,0x0b,0xff,0xff,0xff,0xff,0x00,
    0x0b,0xff,0x10,0x00,0x00,0x00,0x0b,0xff,0x10,0x00,0x00,0x00,0x0b,0xff,0x10,0x00,0x00,0x00,0x0b,0xff,0x54,0x44,0x44,0x20,
    0x0b,0xff,0xff,0xff,0xff,0x80,0x0b,0xff,0xff,0xff,0xff,0x80,0x0d,0xf9,0x00,0x04,0xfe,0x10,0x00,0x9f,0x70,0x00,0x00,0x00,
    0x00,0xbf,0xf1,0x00,0xbf,0xf1,0x00,0xbf,0xf1,0x00,0xbf,0xf1,0x00,0xbf,0xf1,0x00,0xbf,0xf1,0x00,0xbf,0xf1,0x00,0xbf,0xf1,
    0x00,0xbf,0xf1,0x00,0xbf,0xf1,0x00,0xbf,0xf1,0x00,0xbf,0xf1,0x00,0xbf,0xf1,0x00,0xbf,0xf1,0x00,0x4f,0xf3,0x00,0xaf,0x90,
    0x02,0xfd,0x10,0x00,0x00,0x00,0x0b,0xff,0x10,0x0b,0xff,0x10,0x0b,0xff,0x10,0x0b,0xff,0x10,0x0b,0xff,0x10,0x0b,0xff,0x10,
    0x0b,0xff,0x10,0x0b,0xff,0x10,0x0b,0xff,0x10,0x0b,0xff,0x10,0x0b,0xff,0x10,0x0b,0xff,0x10,0x0b,0xff,0x10,0x0b,0xff,0x10,
    0x00,0x1c,0xfe,0x30,0x00,0x00,0xbf,0xaf,0xe2,0x00,0x0a,0xfb,0x06,0xfd,0x10,0x00,0x00,0x00,0x00,0x00,0x00,0x0b,0xff,0x10,
    0x00,0x00,0x0b,0xff,0x10,0x00,0x00,0x0b,0xff,0x10,0x00,0x00,0x0b,0xff,0x10,0x00,0x00,0x0b,0xff,0x10,0x00,0x00,0x0b,0xff,
    0x10,0x00,0x00,0x0b,0xff,0x10,0x00,0x00,0x0b,0xff,0x10,0x00,0x00,0x0b,0xff,0x10,0x00,0x00,0x0b,0xff,0x10,0x00,0x00,0x0b,
    0xff,0x10,0x00,0x00,0x0b,0xff,0x10,0x00,0x00,0x0b,0xff,0x10,0x00,0x00,0x0b,0xff,0x10,0x00,0x04,0x10,0x03,0x10,0x9f,0xd0,
    0x8f,0xe1,0x7e,0xa0,0x5e,0xb0,0x00,0x00,0x00,0x00,0x00,0xbf,0xf1,0x00,0x00,0xbf,0xf1,0x00,0x00,0xbf,0xf1,0x00,0x00,0xbf,
    0xf1,0x00,0x00,0xbf,0xf1,0x00,0x00,0xbf,0xf1,0x00,0x00,0xbf,0xf1,0x00,0x00,0xbf,0xf1,0x00,0x00,0xbf,0xf1,0x00,0x00,0xbf,
    0xf1,0x00,0x00,0xbf,0xf1,0x00,0x00,0xbf,0xf1,0x00,0x00,0xbf,0xf1,0x00,0x00,0xbf,0xf1,0x00,0x00,0xff,0xff,0xfe,0xc8,0x20,
    0x00,0x00,0xff,0xff,0xff,0xff,0xe5,0x00,0x00,0xff,0xd4,0x45,0x9f,0xff,0x30,0x00,0xff,0xc0,0x00,0x04,0xff,0xc0,0x00,0xff,
    0xc0,0x00,0x00,0xaf,0xf3,0x35,0xff,0xf4,0x43,0x00,0x6f,0xf6,0xcf,0xff,0xff,0xfb,0x00,0x4f,0xf8,0xcf,0xff,0xff,0xfb,0x00,
    0x4f,0xf8,0x00,0xff,0xc0,0x00,0x00,0x6f,0xf6,0x00,0xff,0xc0,0x00,0x00,0xaf,0xf3,0x00,0xff,0xc0,0x00,0x04,0xff,0xc0,0x00,
    0xff,0xd4,0x45,0x9f,0xff,0x30,0x00,0xff,0xff,0xff,0xff,0xe5,0x00,0x00,0xff,0xff,0xfe,0xc8,0x20,0x00,0x00,0x00,0x18,0x71,
    0x19,0x40,0x00,0x00,0x00,0xaf,0xfe,0xcf,0x40,0x00,0x00,0x00,0xea,0x2a,0xe9,0x00,0x00,0x00,0x00,0x00,0x00,0x00,0x00,0x00,
    0x0b,0xff,0xb0,0x00,0x00,0xaf,0xf4,0x0b,0xff,0xf5,0x00,0x00,0xaf,0xf4,0x0b,0xff,0xfd,0x10,0x00,0xaf,0xf4,0x0b,0xff,0xff,
    0x80,0x00,0xaf,0xf4,0x0b,0xff,0xaf,0xf3,0x00,0xaf,0xf4,0x0b,0xff,0x3f,0xfc,0x00,0xaf,0xf4,0x0b,0xff,0x19,0xff,0x60,0xaf,
    0xf4,0x0b,0xff,0x21,0xef,0xe1,0xaf,0xf4,0x0b,0xff,0x20,0x6f,0xf8,0x9f,0xf4,0x0b,0xff,0x20,0x0b,0xfe,0xaf,0xf4,0x0b,0xff,
    0x20,0x02,0xff,0xef,0xf4,0x0b,0xff,0x20,0x00,0x8f,0xff,0xf4,0x0b,0xff,0x20,0x00,0x0d,0xff,0xf4,0x0b,0xff,0x20,0x00,0x04,
    0xff,0xf4,0x00,0x00,0x4f,0xf4,0x00,0x00,0x00,0x00,0x00,0x00,0x09,0xfa,0x00,0x00,0x00,0x00,0x00,0x00,0x01,0xef,0x20,0x00,
    0x00,0x00,0x00,0x00,0x00,0x00,0x00,0x00,0x00,0x00,0x00,0x00,0x5b,0xef,0xd9,0x30,0x00,0x00,0x00,0x1b,0xff,0xff,0xff,0xf7,
    0x00,0x00,0x00,0xbf,0xfc,0x65,0x8e,0xff,0x60,0x00,0x06,0xff,0xb0,0x00,0x03,0xef,0xe1,0x00,0x0b,0xff,0x30,0x00,0x00,0x8f,
    0xf6,0x00,0x0f,0xfd,0x00,0x00,0x00,0x4f,0xf9,0x00,0x1f,0xfc,0x00,0x00,0x00,0x2f,0xfb,0x00,0x1f,0xfc,0x00,0x00,0x00,0x2f,
    0xfb,0x00,0x0f,0xfd,0x00,0x00,0x00,0x4f,0xf9,0x00,0x0b,0xff,0x30,0x00,0x00,0x8f,0xf6,0x00,0x06,0xff,0xb0,0x00,0x03,0xef,
    0xe1,0x00,0x00,0xbf,0xfc,0x65,0x8e,0xff,0x60,0x00,0x00,0x1b,0xff,0xff,0xff,0xf7,0x00,0x00,0x00,0x00,0x6b,0xef,0xd9,0x30,
    0x00,0x00,0x00,0x00,0x00,0x09,0xfd,0x00,0x00,0x00,0x00,0x00,0x00,0x1e,0xf3,0x00,0x00,0x00,0x00,0x00,0x00,0x7f,0x90,0x00,
    0x00,0x00,0x00,0x00,0x00,0x00,0x00,0x00,0x00,0x00,0x00,0x00,0x5b,0xef,0xd9,0x30,0x00,0x00,0x00,0x1b,0xff,0xff,0xff,0xf7,
    0x00,0x00,0x00,0xbf,0xfc,0x65,0x8e,0xff,0x60,0x00,0x06,0xff,0xb0,0x00,0x03,0xef,0xe1,0x00,0x0b,0xff,0x30,0x00,0x00,0x8f,
    0xf6,0x00,0x0f,0xfd,0x00,0x00,0x00,0x4f,0xf9,0x00,0x1f,0xfc,0x00,0x00,0x00,0x2f,0xfb,0x00,0x1f,0xfc,0x00,0x00,0x00,0x2f,
    0xfb,0x00,0x0f,0xfd,0x00,0x00,0x00,0x4f,0xf9,0x00,0x0b,0xff,0x30,0x00,0x00,0x8f,0xf6,0x00,0x06,0xff,0xb0,0x00,0x03,0xef,
    0xe1,0x00,0x00,0xbf,0xfc,0x65,0x8e,0xff,0x60,0x00,0x00,0x1b,0xff,0xff,0xff,0xf7,0x00,0x00,0x00,0x00,0x6b,0xef,0xd9,0x30,
    0x00,0x00,0x00,0x00,0x04,0xff,0xc1,0x00,0x00,0x00,0x00,0x00,0x3e,0xfa,0xfb,0x00,0x00,0x00,0x00,0x02,0xdf,0x60,0xbf,0x90,
    0x00,0x00,0x00,0x00,0x00,0x00,0x00,0x00,0x00,0x00,0x00,0x00,0x5b,0xef,0xd9,0x30,0x00,0x00,0x00,0x1b,0xff,0xff,0xff,0xf7,
    0x00,0x00,0x00,0xbf,0xfc,0x65,0x8e,0xff,0x60,0x00,0x06,0xff,0xb0,0x00,0x03,0xef,0xe1,0x00,0x0b,0xff,0x30,0x00,0x00,0x8f,
    0xf6,0x00,0x0f,0xfd,0x00,0x00,0x00,0x4f,0xf9,0x00,0x1f,0xfc,0x00,0x00,0x00,0x2f,0xfb,0x00,0x1f,0xfc,0x00,0x00,0x00,0x2f,
    0xfb,0x00,0x0f,0xfd,0x00,0x00,0x00,0x4f,0xf9,0x00,0x0b,0xff,0x30,0x00,0x00,0x8f,0xf6,0x00,0x06,0xff,0xb0,0x00,0x03,0xef,
    0xe1,0x00,0x00,0xbf,0xfc,0x65,0x8e,0xff,0x60,0x00,0x00,0x1b,0xff,0xff,0xff,0xf7,0x00,0x00,0x00,0x00,0x6b,0xef,0xd9,0x30,
    0x00,0x00,0x00,0x00,0x07,0x82,0x09,0x50,0x00,0x00,0x00,0x00,0x8f,0xfe,0xcf,0x50,0x00,0x00,0x00,0x00,0xdb,0x2a,0xea,0x00,
    0x00,0x00,0x00,0x00,0x00,0x00,0x00,0x00,0x00,0x00,0x00,0x00,0x5b,0xef,0xd9,0x30,0x00,0x00,0x00,0x1b,0xff,0xff,0xff,0xf7,
    0x00,0x00,0x00,0xbf,0xfc,0x65,0x8e,0xff,0x60,0x00,0x06,0xff,0xb0,0x00,0x03,0xef,0xe1,0x00,0x0b,0xff,0x30,0x00,0x00,0x8f,
    0xf6,0x00,0x0f,0xfd,0x00,0x00,0x00,0x4f,0xf9,0x00,0x1f,0xfc,0x00,0x00,0x00,0x2f,0xfb,0x00,0x1f,0xfc,0x00,0x00,0x00,0x2f,
    0xfb,0x00,0x0f,0xfd,0x00,0x00,0x00,0x4f,0xf9,0x00,0x0b,0xff,0x30,0x00,0x00,0x8f,0xf6,0x00,0x06,0xff,0xb0,0x00,0x03,0xef,
    0xe1,0x00,0x00,0xbf,0xfc,0x65,0x8e,0xff,0x60,0x00,0x00,0x1b,0xff,0xff,0xff,0xf7,0x00,0x00,0x00,0x00,0x6b,0xef,0xd9,0x30,
    0x00,0x00,0x00,0x00,0x13,0x00,0x14,0x00,0x00,0x00,0x00,0x01,0xef,0x70,0xdf,0x90,0x00,0x00,0x00,0x00,0xbe,0x50,0xae,0x70,
    0x00,0x00,0x00,0x00,0x00,0x00,0x00,0x00,0x00,0x00,0x00,0x00,0x5b,0xef,0xd9,0x30,0x00,0x00,0x00,0x1b,0xff,0xff,0xff,0xf7,
    0x00,0x00,0x00,0xbf,0xfc,0x65,0x8e,0xff,0x60,0x00,0x06,0xff,0xb0,0x00,0x03,0xef,0xe1,0x00,0x0b,0xff,0x30,0x00,0x00,0x8f,
    0xf6,0x00,0x0f,0xfd,0x00,0x00,0x00,0x4f,0xf9,0x00,0x1f,0xfc,0x00,0x00,0x00,0x2f,0xfb,0x00,0x1f,0xfc,0x00,0x00,0x00,0x2f,
    0xfb,0x00,0x0f,0xfd,0x00,0x00,0x00,0x4f,0xf9,0x00,0x0b,0xff,0x30,0x00,0x00,0x8f,0xf6,0x00,0x06,0xff,0xb0,0x00,0x03,0xef,
    0xe1,0x00,0x00,0xbf,0xfc,0x65,0x8e,0xff,0x60,0x00,0x00,0x1b,0xff,0xff,0xff,0xf7,0x00,0x00,0x00,0x00,0x6b,0xef,0xd9,0x30,
    0x00,0x00,0x00,0x02,0x00,0x00,0x02,0x00,0x00,0x00,0x9e,0x40,0x00,0x5f,0x80,0x00,0x02,0xff,0xe4,0x04,0xff,0xe2,0x00,0x00,
    0x4f,0xfe,0x7f,0xfe,0x30,0x00,0x00,0x04,0xff,0xff,0xe3,0x00,0x00,0x00,0x00,0x8f,0xff,0x70,0x00,0x00,0x00,0x05,0xff,0xff,
    0xe4,0x00,0x00,0x00,0x4f,0xfe,0x7f,0xfe,0x40,0x00,0x02,0xff,0xe3,0x04,0xff,0xe2,0x00,0x00,0x8e,0x30,0x00,0x4f,0x70,0x00,
    0x00,0x02,0x00,0x00,0x02,0x00,0x00,0x00,0x00,0x00,0x00,0x00,0x02,0x00,0x00,0x00,0x00,0x5b,0xef,0xd9,0x5e,0xa0,0x00,0x00,
    0x1b,0xff,0xff,0xff,0xff,0x40,0x00,0x00,0xbf,0xfc,0x65,0x8f,0xff,0x60,0x00,0x06,0xff,0xb0,0x00,0x3f,0xff,0xe1,0x00,0x0b,
    0xff,0x30,0x01,0xdf,0xbf,0xf6,0x00,0x0f,0xfd,0x00,0x09,0xf7,0x4f,0xf9,0x00,0x1f,0xfc,0x00,0x4f,0xb0,0x2f,0xfb,0x00,0x1f,
    0xfc,0x01,0xee,0x20,0x2f,0xfb,0x00,0x0f,0xfd,0x0a,0xf5,0x00,0x4f,0xf9,0x00,0x0b,0xff,0x9f,0xa0,0x00,0x8f,0xf6,0x00,0x06,
    0xff,0xfd,0x10,0x03,0xef,0xe1,0x00,0x00,0xcf,0xff,0x65,0x8e,0xff,0x60,0x00,0x00,0x9f,0xff,0xff,0xff,0xf7,0x00,0x00,0x02,
    0xfc,0x6b,0xef,0xd9,0x30,0x00,0x00,0x00,0x32,0x00,0x00,0x00,0x00,0x00,0x00,0x00,0x00,0x9f,0xd0,0x00,0x00,0x00,0x00,0x00,
    0x1d,0xf5,0x00,0x00,0x00,0x00,0x00,0x05,0xfb,0x00,0x00,0x00,0x00,0x00,0x00,0x00,0x00,0x00,0x00,0x0b,0xff,0x10,0x00,0x03,
    0xff,0xa0,0x0b,0xff,0x10,0x00,0x03,0xff,0xa0,0x0b,0xff,0x10,0x00,0x03,0xff,0xa0,0x0b,0xff,0x10,0x00,0x03,0xff,0xa0,0x0b,
    0xff,0x10,0x00,0x03,0xff,0xa0,0x0b,0xff,0x10,0x00,0x03,0xff,0xa0,0x0b,0xff,0x10,0x00,0x03,0xff,0xa0,0x0b,0xff,0x10,0x00,
    0x03,0xff,0xa0,0x0b,0xff,0x10,0x00,0x03,0xff,0xa0,0x0a,0xff,0x30,0x00,0x04,0xff,0x90,0x08,0xff,0x90,0x00,0x0a,0xff,0x60,
    0x02,0xef,0xfa,0x56,0xbf,0xfe,0x10,0x00,0x4e,0xff,0xff,0xff,0xe3,0x00,0x00,0x02,0x8d,0xee,0xc8,0x10,0x00,0x00,0x00,0x00,
    0x1e,0xf7,0x00,0x00,0x00,0x00,0x00,0x6f,0xc0,0x00,0x00,0x00,0x00,0x00,0xdf,0x30,0x00,0x00,0x00,0x00,0x00,0x00,0x00,0x00,
    0x00,0x0b,0xff,0x10,0x00,0x03,0xff,0xa0,0x0b,0xff,0x10,0x00,0x03,0xff,0xa0,0x0b,0xff,0x10,0x00,0x03,0xff,0xa0,0x0b,0xff,
    0x10,0x00,0x03,0xff,0xa0,0x0b,0xff,0x10,0x00,0x03,0xff,0xa0,0x0b,0xff,0x10,0x00,0x03,0xff,0xa0,0x0b,0xff,0x10,0x00,0x03,
    0xff,0xa0,0x0b,0xff,0x10,0x00,0x03,0xff,0xa0,0x0b,0xff,0x10,0x00,0x03,0xff,0xa0,0x0a,0xff,0x30,0x00,0x04,0xff,0x90,0x08,
    0xff,0x90,0x00,0x0a,0xff,0x60,0x02,0xef,0xfa,0x56,0xbf,0xfe,0x10,0x00,0x4e,0xff,0xff,0xff,0xe3,0x00,0x00,0x02,0x8d,0xee,
    0xc8,0x10,0x00,0x00,0x00,0x09,0xff,0x70,0x00,0x00,0x00,0x00,0x7f,0xcd,0xf5,0x00,0x00,0x00,0x06,0xfe,0x23,0xef,0x40,0x00,
    0x00,0x00,0x00,0x00,0x00,0x00,0x00,0x0b,0xff,0x10,0x00,0x03,0xff,0xa0,0x0b,0xff,0x10,0x00,0x03,0xff,0xa0,0x0b,0xff,0x10,
    0x00,0x03,0xff,0xa0,0x0b,0xff,0x10,0x00,0x03,0xff,0xa0,0x0b,0xff,0x10,0x00,0x03,0xff,0xa0,0x0b,0xff,0x10,0x00,0x03,0xff,
    0xa0,0x0b,0xff,0x10,0x00,0x03,0xff,0xa0,0x0b,0xff,0x10,0x00,0x03,0xff,0xa0,0x0b,0xff,0x10,0x00,0x03,0xff,0xa0,0x0a,0xff,
    0x30,0x00,0x04,0xff,0x90,0x08,0xff,0x90,0x00,0x0a,0xff,0x60,0x02,0xef,0xfa,0x56,0xbf,0xfe,0x10,0x00,0x4e,0xff,0xff,0xff,
    0xe3,0x00,0x00,0x02,0x8d,0xee,0xc8,0x10,0x00,0x00,0x00,0x32,0x00,0x22,0x00,0x00,0x00,0x05,0xff,0x24,0xff,0x40,0x00,0x00,
    0x03,0xed,0x12,0xdd,0x20,0x00,0x00,0x00,0x00,0x00,0x00,0x00,0x00,0x0b,0xff,0x10,0x00,0x03,0xff,0xa0,0x0b,0xff,0x10,0x00,
    0x03,0xff,0xa0,0x0b,0xff,0x10,0x00,0x03,0xff,0xa0,0x0b,0xff,0x10,0x00,0x03,0xff,0xa0,0x0b,0xff,0x10,0x00,0x03,0xff,0xa0,
    0x0b,0xff,0x10,0x00,0x03,0xff,0xa0,0x0b,0xff,0x10,0x00,0x03,0xff,0xa0,0x0b,0xff,0x10,0x00,0x03,0xff,0xa0,0x0b,0xff,0x10,
    0x00,0x03,0xff,0xa0,0x0a,0xff,0x30,0x00,0x04,0xff,0x90,0x08,0xff,0x90,0x00,0x0a,0xff,0x60,0x02,0xef,0xfa,0x56,0xbf,0xfe,
    0x10,0x00,0x4e,0xff,0xff,0xff,0xe3,0x00,0x00,0x02,0x8d,0xee,0xc8,0x10,0x00,0x00,0x00,0x00,0x1e,0xf7,0x00,0x00,0x00,0x00,
    0x00,0x6f,0xc0,0x00,0x00,0x00,0x00,0x00,0xdf,0x30,0x00,0x00,0x00,0x00,0x00,0x00,0x00,0x00,0x00,0x4f,0xfe,0x10,0x00,0x02,
    0xff,0xf2,0x0a,0xff,0x80,0x00,0x0a,0xff,0x90,0x02,0xff,0xf2,0x00,0x2f,0xfe,0x10,0x00,0x8f,0xf9,0x00,0xaf,0xf6,0x00,0x00,
    0x1d,0xff,0x22,0xff,0xd0,0x00,0x00,0x05,0xff,0x99,0xff,0x40,0x00,0x00,0x00,0xbf,0xef,0xfb,0x00,0x00,0x00,0x00,0x3f,0xff,
    0xf2,0x00,0x00,0x00,0x00,0x09,0xff,0x90,0x00,0x00,0x00,0x00,0x06,0xff,0x60,0x00,0x00,0x00,0x00,0x06,0xff,0x60,0x00,0x00,
    0x00,0x00,0x06,0xff,0x60,0x00,0x00,0x00,0x00,0x06,0xff,0x60,0x00,0x00,0x00,0x00,0x06,0xff,0x60,0x00,0x00,0x0c,0xff,0x10,
    0x00,0x00,0x00,0x00,0x0c,0xff,0x10,0x00,0x00,0x00,0x00,0x0c,0xff,0xff,0xed,0x81,0x00,0x00,0x0c,0xff,0xff,0xff,0xfe,0x20,
    0x00,0x0c,0xff,0x54,0x5a,0xff,0xb0,0x00,0x0c,0xff,0x10,0x00,0xbf,0xf1,0x00,0x0c,0xff,0x10,0x00,0x8f,0xf3,0x00,0x0c,0xff,
    0x10,0x00,0xbf,0xf2,0x00,0x0c,0xff,0x54,0x5a,0xff,0xb0,0x00,0x0c,0xff,0xff,0xff,0xfe,0x20,0x00,0x0c,0xff,0xff,0xed,0x81,
    0x00,0x00,0x0c,0xff,0x10,0x00,0x00,0x00,0x00,0x0c,0xff,0x10,0x00,0x00,0x00,0x00,0x0c,0xff,0x10,0x00,0x00,0x00,0x00,0x00,
    0x18,0xce,0xec,0x81,0x00,0x01,0xdf,0xff,0xff,0xfd,0x20,0x07,0xff,0xd6,0x5c,0xff,0x90,0x0b,0xff,0x30,0x02,0xff,0xc0,0x0b,
    0xff,0x00,0x02,0xff,0xa0,0x0b,0xff,0x02,0x5c,0xfe,0x30,0x0b,0xff,0x06,0xff,0xe5,0x00,0x0b,0xff,0x06,0xff,0xff,0xa0,0x0b,
    0xff,0x00,0x02,0xbf,0xf6,0x0b,0xff,0x00,0x00,0x2f,0xfa,0x0b,0xff,0x00,0x00,0x3f,0xfb,0x0b,0xff,0x02,0x46,0xdf,0xf7,0x0b,
    0xff,0x07,0xff,0xff,0xd1,0x0b,0xff,0x07,0xff,0xd8,0x10,0x00,0x2e,0xf6,0x00,0x00,0x00,0x00,0x07,0xfc,0x00,0x00,0x00,0x00,
    0x00,0xcf,0x40,0x00,0x00,0x00,0x00,0x00,0x00,0x00,0x00,0x00,0x29,0xdf,0xd9,0x20,0x00,0x03,0xef,0xff,0xff,0xe2,0x00,0x0c,
    0xff,0x75,0x9f,0xfa,0x00,0x03,0x54,0x00,0x0f,0xfc,0x00,0x00,0x02,0x57,0xaf,0xfd,0x00,0x04,0xdf,0xff,0xef,0xfd,0x00,0x1e,
    0xfd,0x63,0x0e,0xfd,0x00,0x5f,0xf5,0x00,0x2f,0xfd,0x00,0x4f,0xfc,0x56,0xdf,0xfd,0x00,0x1d,0xff,0xff,0xdc,0xfd,0x00,0x02,
    0xae,0xea,0x2c,0xfd,0x00,0x00,0x00,0x07,0xfe,0x10,0x00,0x00,0x00,0x0d,0xf5,0x00,0x00,0x00,0x00,0x5f,0xb0,0x00,0x00,0x00,
    0x00,0x00,0x00,0x00,0x00,0x00,0x29,0xdf,0xd9,0x20,0x00,0x03,0xef,0xff,0xff,0xe2,0x00,0x0c,0xff,0x75,0x9f,0xfa,0x00,0x03,
    0x54,0x00,0x0f,0xfc,0x00,0x00,0x02,0x57,0xaf,0xfd,0x00,0x04,0xdf,0xff,0xef,0xfd,0x00,0x1e,0xfd,0x63,0x0e,0xfd,0x00,0x5f,
    0xf5,0x00,0x2f,0xfd,0x00,0x4f,0xfc,0x56,0xdf,0xfd,0x00,0x1d,0xff,0xff,0xdc,0xfd,0x00,0x02,0xae,0xea,0x2c,0xfd,0x00,0x00,
    0x02,0xef,0xd1,0x00,0x00,0x00,0x1d,0xfa,0xfc,0x10,0x00,0x01,0xcf,0x80,0x9f,0xb0,0x00,0x00,0x00,0x00,0x00,0x00,0x00,0x00,
    0x29,0xdf,0xd9,0x20,0x00,0x03,0xef,0xff,0xff,0xe2,0x00,0x0c,0xff,0x75,0x9f,0xfa,0x00,0x03,0x54,0x00,0x0f,0xfc,0x00,0x00,
    0x02,0x57,0xaf,0xfd,0x00,0x04,0xdf,0xff,0xef,0xfd,0x00,0x1e,0xfd,0x63,0x0e,0xfd,0x00,0x5f,0xf5,0x00,0x2f,0xfd,0x00,0x4f,
    0xfc,0x56,0xdf,0xfd,0x00,0x1d,0xff,0xff,0xdc,0xfd,0x00,0x02,0xae,0xea,0x2c,0xfd,0x00,0x00,0x06,0x83,0x08,0x60,0x00,0x00,
    0x6f,0xff,0xbf,0x70,0x00,0x00,0xad,0x29,0xeb,0x10,0x00,0x00,0x00,0x00,0x00,0x00,0x00,0x00,0x29,0xdf,0xd9,0x20,0x00,0x03,
    0xef,0xff,0xff,0xe2,0x00,0x0c,0xff,0x75,0x9f,0xfa,0x00,0x03,0x54,0x00,0x0f,0xfc,0x00,0x00,0x02,0x57,0xaf,0xfd,0x00,0x04,
    0xdf,0xff,0xef,0xfd,0x00,0x1e,0xfd,0x63,0x0e,0xfd,0x00,0x5f,0xf5,0x00,0x2f,0xfd,0x00,0x4f,0xfc,0x56,0xdf,0xfd,0x00,0x1d,
    0xff,0xff,0xdc,0xfd,0x00,0x02,0xae,0xea,0x2c,0xfd,0x00,0x00,0x14,0x00,0x14,0x10,0x00,0x00,0xdf,0xa0,0xbf,0xb0,0x00,0x00,
    0xae,0x70,0x8e,0x80,0x00,0x00,0x00,0x00,0x00,0x00,0x00,0x00,0x29,0xdf,0xd9,0x20,0x00,0x03,0xef,0xff,0xff,0xe2,0x00,0x0c,
    0xff,0x75,0x9f,0xfa,0x00,0x03,0x54,0x00,0x0f,0xfc,0x00,0x00,0x02,0x57,0xaf,0xfd,0x00,0x04,0xdf,0xff,0xef,0xfd,0x00,0x1e,
    0xfd,0x63,0x0e,0xfd,0x00,0x5f,0xf5,0x00,0x2f,0xfd,0x00,0x4f,0xfc,0x56,0xdf,0xfd,0x00,0x1d,0xff,0xff,0xdc,0xfd,0x00,0x02,
    0xae,0xea,0x2c,0xfd,0x00,0x00,0x01,0xbe,0xb1,0x00,0x00,0x00,0x0c,0xc4,0xcb,0x00,0x00,0x00,0x1f,0x60,0x7f,0x00,0x00,0x00,
    0x0d,0xa1,0xbc,0x00,0x00,0x00,0x03,0xef,0xd2,0x00,0x00,0x00,0x00,0x02,0x00,0x00,0x00,0x00,0x29,0xdf,0xd9,0x20,0x00,0x03,
    0xef,0xff,0xff,0xe2,0x00,0x0c,0xff,0x75,0x9f,0xfa,0x00,0x03,0x54,0x00,0x0f,0xfc,0x00,0x00,0x02,0x57,0xaf,0xfd,0x00,0x04,
    0xdf,0xff,0xef,0xfd,0x00,0x1e,0xfd,0x63,0x0e,0xfd,0x00,0x5f,0xf5,0x00,0x2f,0xfd,0x00,0x4f,0xfc,0x56,0xdf,0xfd,0x00,0x1d,
    0xff,0xff,0xdc,0xfd,0x00,0x02,0xae,0xea,0x2c,0xfd,0x00,0x00,0x3a,0xdf,0xd8,0x06,0xcf,0xea,0x30,0x00,0x04,0xff,0xff,0xff,
    0xdf,0xff,0xff,0xe4,0x00,0x0c,0xfe,0x75,0x8f,0xff,0x95,0x6d,0xfd,0x00,0x00,0x11,0x00,0x0e,0xfa,0x00,0x04,0xff,0x50,0x00,
    0x6b,0xef,0xff,0xff,0xff,0xff,0xff,0x70,0x09,0xff,0xff,0xff,0xff,0xff,0xff,0xff,0x90,0x3f,0xfd,0x64,0x4e,0xfa,0x44,0x44,
    0x44,0x20,0x5f,0xf5,0x00,0x1f,0xfc,0x00,0x01,0x65,0x20,0x3f,0xfc,0x56,0xcf,0xff,0xa5,0x6c,0xff,0x30,0x0c,0xff,0xff,0xfb,
    0xbf,0xff,0xff,0xf8,0x00,0x01,0x9d,0xfc,0x70,0x07,0xcf,0xeb,0x50,0x00,0x00,0x07,0xce,0xeb,0x40,0x00,0x00,0xcf,0xff,0xff,
    0xf6,0x00,0x08,0xff,0xc5,0x6e,0xff,0x10,0x0e,0xfe,0x10,0x06,0xec,0x30,0x2f,0xfb,0x00,0x00,0x00,0x00,0x3f,0xf9,0x00,0x00,
    0x00,0x00,0x2f,0xfb,0x00,0x00,0x00,0x00,0x0e,0xfe,0x10,0x05,0xfc,0x40,0x08,0xff,0xc5,0x6e,0xff,0x10,0x01,0xcf,0xff,0xff,
    0xf6,0x00,0x00,0x07,0xcf,0xfb,0x40,0x00,0x00,0x00,0x0c,0x50,0x00,0x00,0x00,0x00,0x0f,0xe9,0x00,0x00,0x00,0x00,0x00,0x8f,
    0x10,0x00,0x00,0x00,0x6f,0xfb,0x00,0x00,0x00,0x00,0x12,0x20,0x00,0x00,0x00,0x0d,0xf9,0x00,0x00,0x00,0x00,0x03,0xff,0x10,
    0x00,0x00,0x00,0x00,0x9f,0x70,0x00,0x00,0x00,0x00,0x00,0x00,0x00,0x00,0x00,0x07,0xce,0xea,0x30,0x00,0x00,0xcf,0xff,0xff,
    0xf4,0x00,0x08,0xff,0x95,0x6d,0xfe,0x10,0x0e,0xfb,0x00,0x04,0xff,0x50,0x2f,0xff,0xff,0xff,0xff,0x80,0x3f,0xff,0xff,0xff,
    0xff,0x90,0x2f,0xfa,0x44,0x44,0x44,0x30,0x0e,0xfc,0x00,0x01,0x52,0x00,0x08,0xff,0xb5,0x5c,0xff,0x30,0x01,0xcf,0xff,0xff,
    0xf9,0x00,0x00,0x17,0xce,0xeb,0x50,0x00,0x00,0x00,0x04,0xff,0x30,0x00,0x00,0x00,0x0a,0xf9,0x00,0x00,0x00,0x00,0x2f,0xd1,
    0x00,0x00,0x00,0x00,0x00,0x00,0x00,0x00,0x00,0x07,0xce,0xea,0x30,0x00,0x00,0xcf,0xff,0xff,0xf4,0x00,0x08,0xff,0x95,0x6d,
    0xfe,0x10,0x0e,0xfb,0x00,0x04,0xff,0x50,0x2f,0xff,0xff,0xff,0xff,0x80,0x3f,0xff,0xff,0xff,0xff,0x90,0x2f,0xfa,0x44,0x44,
    0x44,0x30,0x0e,0xfc,0x00,0x01,0x52,0x00,0x08,0xff,0xb5,0x5c,0xff,0x30,0x01,0xcf,0xff,0xff,0xf9,0x00,0x00,0x17,0xce,0xeb,
    0x50,0x00,0x00,0x01,0xcf,0xe3,0x00,0x00,0x00,0x0b,0xfa,0xfe,0x20,0x00,0x00,0xaf,0xb0,0x6f,0xd2,0x00,0x00,0x00,0x00,0x00,
    0x00,0x00,0x00,0x07,0xce,0xea,0x30,0x00,0x00,0xcf,0xff,0xff,0xf4,0x00,0x08,0xff,0x95,0x6d,0xfe,0x10,0x0e,0xfb,0x00,0x04,
    0xff,0x50,0x2f,0xff,0xff,0xff,0xff,0x80,0x3f,0xff,0xff,0xff,0xff,0x90,0x2f,0xfa,0x44,0x44,0x44,0x30,0x0e,0xfc,0x00,0x01,
    0x52,0x00,0x08,0xff,0xb5,0x5c,0xff,0x30,0x01,0xcf,0xff,0xff,0xf9,0x00,0x00,0x17,0xce,0xeb,0x50,0x00,0x00,0x04,0x10,0x03,
    0x10,0x00,0x00,0x9f,0xd0,0x7f,0xe1,0x00,0x00,0x6e,0xa0,0x5e,0xb0,0x00,0x00,0x00,0x00,0x00,0x00,0x00,0x00,0x07,0xce,0xea,
    0x30,0x00,0x00,0xcf,0xff,0xff,0xf4,0x00,0x08,0xff,0x95,0x6d,0xfe,0x10,0x0e,0xfb,0x00,0x04,0xff,0x50,0x2f,0xff,0xff,0xff,
    0xff,0x80,0x3f,0xff,0xff,0xff,0xff,0x90,0x2f,0xfa,0x44,0x44,0x44,0x30,0x0e,0xfc,0x00,0x01,0x52,0x00,0x08,0xff,0xb5,0x5c,
    0xff,0x30,0x01,0xcf,0xff,0xff,0xf9,0x00,0x00,0x17,0xce,0xeb,0x50,0x00,0x1e,0xf7,0x00,0x05,0xfe,0x00,0x00,0xbf,0x50,0x00,
    0x00,0x00,0x00,0xcf,0xf0,0x00,0xcf,0xf0,0x00,0xcf,0xf0,0x00,0xcf,0xf0,0x00,0xcf,0xf0,0x00,0xcf,0xf0,0x00,0xcf,0xf0,0x00,
    0xcf,0xf0,0x00,0xcf,0xf0,0x00,0xcf,0xf0,0x00,0xcf,0xf0,0x00,0x5f,0xf2,0x00,0xcf,0x70,0x03,0xfc,0x00,0x00,0x00,0x00,0x0c,
    0xff,0x00,0x0c,0xff,0x00,0x0c,0xff,0x00,0x0c,0xff,0x00,0x0c,0xff,0x00,0x0c,0xff,0x00,0x0c,0xff,0x00,0x0c,0xff,0x00,0x0c,
    0xff,0x00,0x0c,0xff,0x00,0x0c,0xff,0x00,0x00,0x1d,0xfe,0x20,0x00,0x01,0xcf,0xaf,0xd2,0x00,0x0b,0xfa,0x08,0xfc,0x10,0x00,
    0x00,0x00,0x00,0x00,0x00,0x0c,0xff,0x00,0x00,0x00,0x0c,0xff,0x00,0x00,0x00,0x0c,0xff,0x00,0x00,0x00,0x0c,0xff,0x00,0x00,
    0x00,0x0c,0xff,0x00,0x00,0x00,0x0c,0xff,0x00,0x00,0x00,0x0c,0xff,0x00,0x00,0x00,0x0c,0xff,0x00,0x00,0x00,0x0c,0xff,0x00,
    0x00,0x00,0x0c,0xff,0x00,0x00,0x00,0x0c,0xff,0x00,0x00,0x14,0x10,0x04,0x10,0xbf,0xb0,0x9f,0xd0,0x8e,0x80,0x7e,0xa0,0x00,
    0x00,0x00,0x00,0x00,0xcf,0xf0,0x00,0x00,0xcf,0xf0,0x00,0x00,0xcf,0xf0,0x00,0x00,0xcf,0xf0,0x00,0x00,0xcf,0xf0,0x00,0x00,
    0xcf,0xf0,0x00,0x00,0xcf,0xf0,0x00,0x00,0xcf,0xf0,0x00,0x00,0xcf,0xf0,0x00,0x00,0xcf,0xf0,0x00,0x00,0xcf,0xf0,0x00,0x00,
    0x23,0x00,0x00,0x10,0x00,0x00,0x7f,0xc4,0x19,0xb0,0x00,0x00,0x2a,0xff,0xfd,0x50,0x00,0x00,0x07,0xef,0xfb,0x10,0x00,0x00,
    0x8e,0x73,0xef,0xa0,0x00,0x00,0x32,0x33,0x4f,0xf5,0x00,0x00,0x5e,0xff,0xca,0xfd,0x00,0x04,0xff,0xff,0xfe,0xff,0x30,0x0c,
    0xff,0x61,0x3c,0xff,0x70,0x2f,0xfa,0x00,0x04,0xff,0x80,0x3f,0xf7,0x00,0x01,0xff,0x90,0x3f,0xf8,0x00,0x01,0xff,0x80,0x1e,
    0xfc,0x00,0x05,0xff,0x40,0x09,0xff,0xa5,0x7e,0xfd,0x00,0x01,0xdf,0xff,0xff,0xe3,0x00,0x00,0x18,0xdf,0xea,0x20,0x00,0x00,
    0x03,0x86,0x04,0x91,0x00,0x00,0x1e,0xff,0xcd,0xe0,0x00,0x00,0x4f,0x65,0xce,0x50,0x00,0x00,0x00,0x00,0x00,0x00,0x00,0x0c,
    0xfc,0x19,0xee,0xb2,0x00,0x0c,0xfd,0xbf,0xff,0xfd,0x00,0x0c,0xff,0xd6,0x6e,0xff,0x60,0x0c,0xff,0x30,0x05,0xff,0x80,0x0c,
    0xff,0x00,0x02,0xff,0xa0,0x0c,0xff,0x00,0x02,0xff,0xa0,0x0c,0xff,0x00,0x02,0xff,0xa0,0x0c,0xff,0x00,0x02,0xff,0xa0,0x0c,
    0xff,0x00,0x02,0xff,0xa0,0x0c,0xff,0x00,0x02,0xff,0xa0,0x0c,0xff,0x00,0x02,0xff,0xa0,0x00,0x0b,0xfb,0x00,0x00,0x00,0x00,
    0x02,0xef,0x30,0x00,0x00,0x00,0x00,0x7f,0x90,0x00,0x00,0x00,0x00,0x00,0x00,0x00,0x00,0x00,0x07,0xce,0xeb,0x40,0x00,0x00,
    0xcf,0xff,0xff,0xf7,0x00,0x08,0xff,0xc6,0x7e,0xff,0x30,0x0e,0xfe,0x10,0x06,0xff,0x90,0x2f,0xfb,0x00,0x01,0xff,0xc0,0x3f,
    0xf9,0x00,0x00,0xef,0xd0,0x2f,0xfb,0x00,0x01,0xff,0xc0,0x0e,0xfe,0x10,0x06,0xff,0x90,0x08,0xff,0xc5,0x7e,0xff,0x30,0x01,
    0xcf,0xff,0xff,0xf7,0x00,0x00,0x07,0xce,0xeb,0x40,0x00,0x00,0x00,0x02,0xff,0x50,0x00,0x00,0x00,0x08,0xfb,0x00,0x00,0x00,
    0x00,0x1e,0xe2,0x00,0x00,0x00,0x00,0x00,0x00,0x00,0x00,0x00,0x07,0xce,0xeb,0x40,0x00,0x00,0xcf,0xff,0xff,0xf7,0x00,0x08,
    0xff,0xc6,0x7e,0xff,0x30,0x0e,0xfe,0x10,0x06,0xff,0x90,0x2f,0xfb,0x00,0x01,0xff,0xc0,0x3f,0xf9,0x00,0x00,0xef,0xd0,0x2f,
    0xfb,0x00,0x01,0xff,0xc0,0x0e,0xfe,0x10,0x06,0xff,0x90,0x08,0xff,0xc5,0x7e,0xff,0x30,0x01,0xcf,0xff,0xff,0xf7,0x00,0x00,
    0x07,0xce,0xeb,0x40,0x00,0x00,0x00,0xaf,0xf5,0x00,0x00,0x00,0x09,0xfb,0xef,0x40,0x00,0x00,0x8f,0xd1,0x4f,0xe3,0x00,0x00,
    0x00,0x00,0x00,0x00,0x00,0x00,0x07,0xce,0xeb,0x40,0x00,0x00,0xcf,0xff,0xff,0xf7,0x00,0x08,0xff,0xc6,0x7e,0xff,0x30,0x0e,
    0xfe,0x10,0x06,0xff,0x90,0x2f,0xfb,0x00,0x01,0xff,0xc0,0x3f,0xf9,0x00,0x00,0xef,0xd0,0x2f,0xfb,0x00,0x01,0xff,0xc0,0x0e,
    0xfe,0x10,0x06,0xff,0x90,0x08,0xff,0xc5,0x7e,0xff,0x30,0x01,0xcf,0xff,0xff,0xf7,0x00,0x00,0x07,0xce,0xeb,0x40,0x00,0x00,
    0x04,0x85,0x05,0x90,0x00,0x00,0x1f,0xff,0xce,0xd0,0x00,0x00,0x5f,0x46,0xde,0x40,0x00,0x00,0x00,0x00,0x00,0x00,0x00,0x00,
    0x07,0xce,0xeb,0x40,0x00,0x00,0xcf,0xff,0xff,0xf7,0x00,0x08,0xff,0xc6,0x7e,0xff,0x30,0x0e,0xfe,0x10,0x06,0xff,0x90,0x2f,
    0xfb,0x00,0x01,0xff,0xc0,0x3f,0xf9,0x00,0x00,0xef,0xd0,0x2f,0xfb,0x00,0x01,0xff,0xc0,0x0e,0xfe,0x10,0x06,0xff,0x90,0x08,
    0xff,0xc5,0x7e,0xff,0x30,0x01,0xcf,0xff,0xff,0xf7,0x00,0x00,0x07,0xce,0xeb,0x40,0x00,0x00,0x03,0x10,0x03,0x20,0x00,0x00,
    0x7f,0xe1,0x6f,0xf2,0x00,0x00,0x5e,0xb0,0x4e,0xc1,0x00,0x00,0x00,0x00,0x00,0x00,0x00,0x00,0x07,0xce,0xeb,0x40,0x00,0x00,
    0xcf,0xff,0xff,0xf7,0x00,0x08,0xff,0xc6,0x7e,0xff,0x30,0x0e,0xfe,0x10,0x06,0xff,0x90,0x2f,0xfb,0x00,0x01,0xff,0xc0,0x3f,
    0xf9,0x00,0x00,0xef,0xd0,0x2f,0xfb,0x00,0x01,0xff,0xc0,0x0e,0xfe,0x10,0x06,0xff,0x90,0x08,0xff,0xc5,0x7e,0xff,0x30,0x01,
    0xcf,0xff,0xff,0xf7,0x00,0x00,0x07,0xce,0xeb,0x40,0x00,0x00,0x00,0x0a,0xe8,0x00,0x00,0x00,0x00,0x00,0x2f,0xff,0x00,0x00,
    0x00,0x00,0x00,0x0a,0xe8,0x00,0x00,0x00,0x00,0x00,0x00,0x00,0x00,0x00,0x00,0x04,0xff,0xff,0xff,0xff,0xf2,0x00,0x04,0xff,
    0xff,0xff,0xff,0xf2,0x00,0x01,0x44,0x44,0x44,0x44,0x41,0x00,0x00,0x00,0x00,0x00,0x00,0x00,0x00,0x00,0x00,0x0a,0xe8,0x00,
    0x00,0x00,0x00,0x00,0x2f,0xff,0x00,0x00,0x00,0x00,0x00,0x0a,0xe8,0x00,0x00,0x00,0x00,0x07,0xce,0xeb,0x45,0x50,0x00,0xcf,
    0xff,0xff,0xff,0x70,0x08,0xff,0xc6,0x7f,0xff,0x30,0x0e,0xfe,0x10,0x2f,0xff,0x90,0x2f,0xfb,0x01,0xcd,0xff,0xc0,0x3f,0xf9,
    0x0b,0xd1,0xef,0xd0,0x2f,0xfb,0x9e,0x21,0xff,0xc0,0x0e,0xff,0xf3,0x06,0xff,0x90,0x08,0xff,0xf5,0x7e,0xff,0x30,0x05,0xff,
    0xff,0xff,0xf7,0x00,0x1e,0x97,0xce,0xeb,0x40,0x00,0x03,0x00,0x00,0x00,0x00,0x00,0x00,0x09,0xfd,0x00,0x00,0x00,0x00,0x01,
    0xef,0x40,0x00,0x00,0x00,0x00,0x5f,0xb0,0x00,0x00,0x00,0x00,0x00,0x00,0x00,0x00,0x0c,0xff,0x00,0x02,0xff,0xa0,0x0c,0xff,
    0x00,0x02,0xff,0xa0,0x0c,0xff,0x00,0x02,0xff,0xa0,0x0c,0xff,0x00,0x02,0xff,0xa0,0x0c,0xff,0x00,0x02,0xff,0xa0,0x0c,0xff,
    0x00,0x02,0xff,0xa0,0x0c,0xff,0x00,0x03,0xff,0xa0,0x0b,0xff,0x30,0x06,0xff,0xa0,0x08,0xff,0xd7,0x8e,0xff,0xa0,0x02,0xef,
    0xff,0xf8,0xff,0xa0,0x00,0x4c,0xfd,0x70,0xff,0xa0,0x00,0x00,0x01,0xef,0x70,0x00,0x00,0x00,0x07,0xfc,0x00,0x00,0x00,0x00,
    0x0d,0xf3,0x00,0x00,0x00,0x00,0x00,0x00,0x00,0x00,0x0c,0xff,0x00,0x02,0xff,0xa0,0x0c,0xff,0x00,0x02,0xff,0xa0,0x0c,0xff,
    0x00,0x02,0xff,0xa0,0x0c,0xff,0x00,0x02,0xff,0xa0,0x0c,0xff,0x00,0x02,0xff,0xa0,0x0c,0xff,0x00,0x02,0xff,0xa0,0x0c,0xff,
    0x00,0x03,0xff,0xa0,0x0b,0xff,0x30,0x06,0xff,0xa0,0x08,0xff,0xd7,0x8e,0xff,0xa0,0x02,0xef,0xff,0xf8,0xff,0xa0,0x00,0x4c,
    0xfd,0x70,0xff,0xa0,0x00,0x00,0x9f,0xf6,0x00,0x00,0x00,0x08,0xfb,0xdf,0x50,0x00,0x00,0x6f,0xd1,0x3e,0xf4,0x00,0x00,0x00,
    0x00,0x00,0x00,0x00,0x0c,0xff,0x00,0x02,0xff,0xa0,0x0c,0xff,0x00,0x02,0xff,0xa0,0x0c,0xff,0x00,0x02,0xff,0xa0,0x0c,0xff,
    0x00,0x02,0xff,0xa0,0x0c,0xff,0x00,0x02,0xff,0xa0,0x0c,0xff,0x00,0x02,0xff,0xa0,0x0c,0xff,0x00,0x03,0xff,0xa0,0x0b,0xff,
    0x30,0x06,0xff,0xa0,0x08,0xff,0xd7,0x8e,0xff,0xa0,0x02,0xef,0xff,0xf8,0xff,0xa0,0x00,0x4c,0xfd,0x70,0xff,0xa0,0x00,0x03,
    0x20,0x02,0x20,0x00,0x00,0x6f,0xf2,0x4f,0xf4,0x00,0x00,0x4e,0xc1,0x2d,0xd2,0x00,0x00,0x00,0x00,0x00,0x00,0x00,0x0c,0xff,
    0x00,0x02,0xff,0xa0,0x0c,0xff,0x00,0x02,0xff,0xa0,0x0c,0xff,0x00,0x02,0xff,0xa0,0x0c,0xff,0x00,0x02,0xff,0xa0,0x0c,0xff,
    0x00,0x02,0xff,0xa0,0x0c,0xff,0x00,0x02,0xff,0xa0,0x0c,0xff,0x00,0x03,0xff,0xa0,0x0b,0xff,0x30,0x06,0xff,0xa0,0x08,0xff,
    0xd7,0x8e,0xff,0xa0,0x02,0xef,0xff,0xf8,0xff,0xa0,0x00,0x4c,0xfd,0x70,0xff,0xa0,0x00,0x00,0x03,0xff,0x40,0x00,0x00,0x00,
    0x0a,0xf9,0x00,0x00,0x00,0x00,0x1f,0xe1,0x00,0x00,0x00,0x00,0x00,0x00,0x00,0x00,0x8f,0xf6,0x00,0x00,0xef,0xe0,0x3f,0xfb,
    0x00,0x04,0xff,0x90,0x0c,0xff,0x10,0x09,0xff,0x30,0x07,0xff,0x50,0x0d,0xfd,0x00,0x02,0xff,0x90,0x3f,0xf8,0x00,0x00,0xbf,
    0xe0,0x8f,0xf2,0x00,0x00,0x6f,0xf3,0xdf,0xc0,0x00,0x00,0x1f,0xf8,0xff,0x60,0x00,0x00,0x0a,0xfe,0xff,0x10,0x00,0x00,0x05,
    0xff,0xfa,0x00,0x00,0x00,0x00,0xef,0xf5,0x00,0x00,0x00,0x00,0xef,0xe0,0x00,0x00,0x02,0x58,0xff,0x80,0x00,0x00,0x08,0xff,
    0xfd,0x10,0x00,0x00,0x0a,0xfe,0xa2,0x00,0x00,0x00,0x0c,0xff,0x00,0x00,0x00,0x00,0x0c,0xff,0x00,0x00,0x00,0x00,0x0c,0xff,
    0x00,0x00,0x00,0x00,0x0c,0xff,0x19,0xee,0xa2,0x00,0x0c,0xff,0xaf,0xff,0xfe,0x20,0x0c,0xff,0xe7,0x6c,0xff,0x90,0x0c,0xff,
    0x50,0x02,0xff,0xe0,0x0c,0xff,0x00,0x00,0xbf,0xf2,0x0c,0xfe,0x00,0x00,0xaf,0xf3,0x0c,0xff,0x00,0x00,0xbf,0xf2,0x0c,0xff,
    0x50,0x02,0xff,0xe0,0x0c,0xff,0xe7,0x6c,0xff,0x90,0x0c,0xff,0xbf,0xff,0xfe,0x20,0x0c,0xff,0x19,0xee,0xa2,0x00,0x0c,0xff,
    0x00,0x00,0x00,0x00,0x0c,0xff,0x00,0x00,0x00,0x00,0x0c,0xff,0x00,0x00,0x00,0x00,0x0c,0xff,0x00,0x00,0x00,0x00,0x00,0x03,
    0x10,0x03,0x20,0x00,0x00,0x8f,0xe0,0x7f,0xe1,0x00,0x00,0x6e,0xb0,0x4e,0xc1,0x00,0x00,0x00,0x00,0x00,0x00,0x00,0x8f,0xf6,
    0x00,0x00,0xef,0xe0,0x3f,0xfb,0x00,0x04,0xff,0x90,0x0c,0xff,0x10,0x09,0xff,0x30,0x07,0xff,0x50,0x0d,0xfd,0x00,0x02,0xff,
    0x90,0x3f,0xf8,0x00,0x00,0xbf,0xe0,0x8f,0xf2,0x00,0x00,0x6f,0xf3,0xdf,0xc0,0x00,0x00,0x1f,0xf8,0xff,0x60,0x00,0x00,0x0a,
    0xfe,0xff,0x10,0x00,0x00,0x05,0xff,0xfa,0x00,0x00,0x00,0x00,0xef,0xf5,0x00,0x00,0x00,0x00,0xef,0xe0,0x00,0x00,0x02,0x58,
    0xff,0x80,0x00,0x00,0x08,0xff,0xfd,0x10,0x00,0x00,0x0a,0xfe,0xa2,0x00,0x00,0x00,0x44,0x44,0x44,0x44,0x42,0xff,0xff,0xff,
    0xff,0xf8,0xff,0xff,0xff,0xff,0xf8,0x00,0x00,0x00,0x00,0x00,0x00,0x00,0x00,0x00,0x00,0x00,0x00,0x00,0x00,0x00,0x00,0x00,
    0x00,0x00,0x00,0x00,0x00,0x00,0x00,0x00,0x44,0x44,0x44,0x44,0x44,0x44,0x44,0x44,0x44,0x40,0xff,0xff,0xff,0xff,0xff,0xff,
    0xff,0xff,0xff,0xf0,0xff,0xff,0xff,0xff,0xff,0xff,0xff,0xff,0xff,0xf0,0x00,0x00,0x00,0x00,0x00,0x00,0x00,0x00,0x00,0x00,
    0x00,0x00,0x00,0x00,0x00,0x00,0x00,0x00,0x00,0x00,0x00,0x00,0x00,0x00,0x00,0x00,0x00,0x00,0x00,0x00,0x00,0x00,0x00,0x00,
    0x00,0x00,0x00,0x00,0x00,0x00,0x00,0x00,0x00,0x00,0x00,0x00,0x00,0x00,0x00,0x00,0x00,0x0e,0xf1,0x00,0x3f,0xe0,0x00,0x7f,
    0xc0,0x00,0xbf,0xa0,0x01,0xff,0x80,0x05,0xff,0x60,0x00,0x00,0x00,0x00,0x00,0x00,0x00,0x00,0x00,0x00,0x00,0x00,0x00,0x00,
    0x00,0x00,0x00,0x00,0x00,0x00,0x00,0x00,0x00,0x00,0x00,0xbf,0xe0,0x00,0xdf,0xa0,0x00,0xff,0x60,0x02,0xff,0x20,0x04,0xfd,
    0x00,0x06,0xf8,0x00,0x00,0x00,0x00,0x00,0x00,0x00,0x00,0x00,0x00,0x00,0x00,0x00,0x00,0x00,0x00,0x00,0x00,0x00,0x00,0x00,
    0x00,0x00,0x00,0x00,0x00,0x0e,0xf1,0x08,0xf6,0x00,0x3f,0xe0,0x0d,0xf4,0x00,0x7f,0xc0,0x2f,0xf2,0x00,0xbf,0xa0,0x6f,0xf0,
    0x01,0xff,0x80,0xaf,0xd0,0x05,0xff,0x60,0xef,0xb0,0x00,0x00,0x00,0x00,0x00,0x00,0x00,0x00,0x00,0x00,0x00,0x00,0x00,0x00,
    0x00,0x00,0x00,0x00,0x00,0x00,0x00,0x00,0x00,0x00,0x00,0x00,0x00,0x00,0x00,0x00,0x00,0x00,0x00,0x00,0x00,0x00,0x00,0x00,
    0x00,0x00,0x00,0xbf,0xe0,0x8f,0xf3,0x00,0xdf,0xa0,0xaf,0xd0,0x00,0xff,0x60,0xcf,0x90,0x02,0xff,0x20,0xef,0x50,0x04,0xfd,
    0x01,0xff,0x10,0x06,0xf8,0x03,0xfc,0x00,0x00,0x00,0x00,0x00,0x00,0x00,0x00,0x00,0x00,0x00,0x00,0x00,0x00,0x00,0x00,0x00,
    0x00,0x00,0x00,0x00,0x00,0x00,0x00,0x00,0x00,0x00,0x00,0x00,0x00,0x00,0x00,0x00,0x00,0x00,0x00,0x00,0x00,0x00,0x00,0x00,
    0x00,0x3c,0xfc,0x30,0x00,0x01,0xef,0xff,0xe1,0x00,0x06,0xff,0xff,0xf6,0x00,0x06,0xff,0xff,0xf6,0x00,0x01,0xef,0xff,0xe1,
    0x00,0x00,0x3c,0xfc,0x30,0x00,0x00,0x00,0x00,0x00,0x00,0x00,0x00,0x00,0x00,0x00,0x00,0x00,0x00,0x00,0x00,0x01,0xce,0x50,
    0x00,0x9e,0x90,0x00,0x4e,0xc2,0x00,0x06,0xff,0xb0,0x01,0xff,0xf1,0x00,0xbf,0xf6,0x00,0x01,0xce,0x50,0x00,0x9e,0x90,0x00,
    0x5e,0xd2,0x00,
};
static const pod_glyph_t pod_font_title_g[199] = {
    {0x0020,0,0,0,0,0,72},
    {0x0021,0,6,14,0,5,103},
    {0x0022,42,10,14,0,5,168},
    {0x0023,112,13,14,0,5,197},
    {0x0024,210,12,18,0,3,199},
    {0x0025,318,19,14,0,5,309},
    {0x0026,458,13,14,0,5,204},
    {0x0027,556,6,14,0,5,103},
    {0x0028,598,7,18,0,4,114},
    {0x0029,670,7,18,0,4,114},
    {0x002a,742,11,14,0,5,170},
    {0x002b,826,13,11,0,8,206},
    {0x002c,903,6,6,0,17,102},
    {0x002d,921,9,8,0,11,142},
    {0x002e,961,6,3,0,16,102},
    {0x002f,970,8,18,0,3,118},
    {0x0030,1042,13,14,0,5,205},
    {0x0031,1140,8,14,0,5,131},
    {0x0032,1196,12,14,0,5,192},
    {0x0033,1280,12,14,0,5,196},
    {0x0034,1364,13,14,0,5,206},
    {0x0035,1462,12,14,0,5,189},
    {0x0036,1546,12,14,0,5,198},
    {0x0037,1630,11,14,0,5,177},
    {0x0038,1714,12,14,0,5,198},
    {0x0039,1798,12,14,0,5,198},
    {0x003a,1882,6,10,0,9,102},
    {0x003b,1912,7,14,0,9,104},
    {0x003c,1968,13,11,0,8,206},
    {0x003d,2045,13,9,0,10,206},
    {0x003e,2108,13,11,0,8,206},
    {0x003f,2185,11,14,0,5,170},
    {0x0040,2269,19,18,0,5,309},
    {0x0041,2449,14,14,0,5,227},
    {0x0042,2547,13,14,0,5,201},
    {0x0043,2645,14,14,0,5,225},
    {0x0044,2743,14,14,0,5,220},
    {0x0045,2841,12,14,0,5,185},
    {0x0046,2925,11,14,0,5,178},
    {0x0047,3009,14,14,0,5,228},
    {0x0048,3107,14,14,0,5,227},
    {0x0049,3205,5,14,0,5,85},
    {0x004a,3247,11,14,0,5,178},
    {0x004b,3331,14,14,0,5,219},
    {0x004c,3429,11,14,0,5,172},
    {0x004d,3513,18,14,0,5,283},
    {0x004e,3639,14,14,0,5,232},
    {0x004f,3737,15,14,0,5,234},
    {0x0050,3849,12,14,0,5,197},
    {0x0051,3933,15,15,0,5,236},
    {0x0052,4053,13,14,0,5,200},
    {0x0053,4151,12,14,0,5,199},
    {0x0054,4235,13,14,0,5,203},
    {0x0055,4333,14,14,0,5,222},
    {0x0056,4431,14,14,0,5,227},
    {0x0057,4529,20,14,0,5,316},
    {0x0058,4669,14,14,0,5,224},
    {0x0059,4767,14,14,0,5,222},
    {0x005a,4865,13,14,0,5,202},
    {0x005b,4963,7,18,0,4,114},
    {0x005c,5035,8,18,0,3,118},
    {0x005d,5107,7,18,0,4,114},
    {0x005e,5179,9,15,0,4,148},
    {0x005f,5254,10,3,0,18,145},
    {0x0060,5269,7,15,0,4,111},
    {0x0061,5329,11,11,0,8,176},
    {0x0062,5395,12,14,0,5,192},
    {0x0063,5479,11,11,0,8,179},
    {0x0064,5545,12,14,0,5,192},
    {0x0065,5629,11,11,0,8,181},
    {0x0066,5695,8,14,0,5,121},
    {0x0067,5751,12,15,0,8,192},
    {0x0068,5841,12,14,0,5,189},
    {0x0069,5925,5,15,0,4,82},
    {0x006a,5970,6,19,-1,4,82},
    {0x006b,6027,11,14,0,5,176},
    {0x006c,6111,5,14,0,5,82},
    {0x006d,6153,17,11,0,8,278},
    {0x006e,6252,12,11,0,8,189},
    {0x006f,6318,12,11,0,8,186},
    {0x0070,6384,12,15,0,8,192},
    {0x0071,6474,12,15,0,8,192},
    {0x0072,6564,8,12,0,7,124},
    {0x0073,6612,11,11,0,8,170},
    {0x0074,6678,7,14,0,5,111},
    {0x0075,6734,12,11,0,8,189},
    {0x0076,6800,12,11,0,8,182},
    {0x0077,6866,16,11,0,8,258},
    {0x0078,6954,11,11,0,8,176},
    {0x0079,7020,12,15,0,8,183},
    {0x007a,7110,11,11,0,8,174},
    {0x007b,7176,9,19,0,5,142},
    {0x007c,7271,7,24,0,0,113},
    {0x007d,7367,9,19,0,5,142},
    {0x007e,7462,13,9,0,10,206},
    {0x00a0,7525,0,0,0,0,72},
    {0x00a1,7525,6,14,0,8,103},
    {0x00a2,7567,11,14,0,5,179},
    {0x00a3,7651,12,14,0,5,194},
    {0x00a4,7735,14,14,0,6,232},
    {0x00a5,7833,11,14,0,5,174},
    {0x00a6,7917,6,16,0,5,103},
    {0x00a7,7965,11,18,0,5,173},
    {0x00a8,8073,12,15,0,4,189},
    {0x00a9,8163,17,15,0,4,278},
    {0x00aa,8298,9,14,0,5,141},
    {0x00ab,8368,13,11,0,8,201},
    {0x00ac,8445,13,8,0,11,206},
    {0x00ad,8501,0,0,0,0,0},
    {0x00ae,8501,13,15,0,4,201},
    {0x00af,8606,8,16,0,3,134},
    {0x00b0,8670,9,15,0,4,140},
    {0x00b1,8745,13,11,0,8,206},
    {0x00b2,8822,9,16,0,3,140},
    {0x00b3,8902,9,16,0,3,144},
    {0x00b4,8982,7,15,0,4,111},
    {0x00b5,9042,12,15,0,8,191},
    {0x00b6,9132,11,14,0,5,182},
    {0x00b7,9216,6,8,0,11,102},
    {0x00b8,9240,7,6,0,18,111},
    {0x00b9,9264,6,16,0,3,101},
    {0x00ba,9312,9,14,0,5,149},
    {0x00bb,9382,13,11,0,8,201},
    {0x00bc,9459,16,14,0,5,257},
    {0x00bd,9571,17,14,0,5,268},
    {0x00be,9697,17,14,0,5,280},
    {0x00bf,9823,11,15,0,8,170},
    {0x00c0,9913,14,18,0,1,227},
    {0x00c1,10039,14,18,0,1,227},
    {0x00c2,10165,14,18,0,1,227},
    {0x00c3,10291,14,18,0,1,227},
    {0x00c4,10417,14,18,0,1,227},
    {0x00c5,10543,14,20,0,-1,227},
    {0x00c6,10683,19,14,0,5,311},
    {0x00c7,10823,14,19,0,5,225},
    {0x00c8,10956,12,18,0,1,185},
    {0x00c9,11064,12,18,0,1,185},
    {0x00ca,11172,12,18,0,1,185},
    {0x00cb,11280,12,18,0,1,185},
    {0x00cc,11388,6,18,-1,1,85},
    {0x00cd,11442,6,18,0,1,85},
    {0x00ce,11496,9,18,-2,1,85},
    {0x00cf,11586,8,18,-1,1,85},
    {0x00d0,11658,14,14,0,5,231},
    {0x00d1,11756,14,18,0,1,232},
    {0x00d2,11882,15,18,0,1,234},
    {0x00d3,12026,15,18,0,1,234},
    {0x00d4,12170,15,18,0,1,234},
    {0x00d5,12314,15,18,0,1,234},
    {0x00d6,12458,15,18,0,1,234},
    {0x00d7,12602,13,11,0,8,206},
    {0x00d8,12679,15,16,0,4,234},
    {0x00d9,12807,14,18,0,1,222},
    {0x00da,12933,14,18,0,1,222},
    {0x00db,13059,14,18,0,1,222},
    {0x00dc,13185,14,18,0,1,222},
    {0x00dd,13311,14,18,0,1,222},
    {0x00de,13437,13,14,0,5,203},
    {0x00df,13535,12,14,0,5,200},
    {0x00e0,13619,11,15,0,4,176},
    {0x00e1,13709,11,15,0,4,176},
    {0x00e2,13799,11,15,0,4,176},
    {0x00e3,13889,11,15,0,4,176},
    {0x00e4,13979,11,15,0,4,176},
    {0x00e5,14069,11,17,0,2,176},
    {0x00e6,14171,17,11,0,8,277},
    {0x00e7,14270,11,16,0,8,179},
    {0x00e8,14366,11,15,0,4,181},
    {0x00e9,14456,11,15,0,4,181},
    {0x00ea,14546,11,15,0,4,181},
    {0x00eb,14636,11,15,0,4,181},
    {0x00ec,14726,6,15,-1,4,82},
    {0x00ed,14771,6,15,0,4,82},
    {0x00ee,14816,9,15,-2,4,82},
    {0x00ef,14891,8,15,-1,4,82},
    {0x00f0,14951,11,16,0,3,182},
    {0x00f1,15047,12,15,0,4,189},
    {0x00f2,15137,12,15,0,4,186},
    {0x00f3,15227,12,15,0,4,186},
    {0x00f4,15317,12,15,0,4,186},
    {0x00f5,15407,12,15,0,4,186},
    {0x00f6,15497,12,15,0,4,186},
    {0x00f7,15587,13,11,0,8,206},
    {0x00f8,15664,12,12,0,8,186},
    {0x00f9,15736,12,15,0,4,189},
    {0x00fa,15826,12,15,0,4,189},
    {0x00fb,15916,12,15,0,4,189},
    {0x00fc,16006,12,15,0,4,189},
    {0x00fd,16096,12,19,0,4,183},
    {0x00fe,16210,12,18,0,5,192},
    {0x00ff,16318,12,19,0,4,183},
    {0x2013,16432,10,8,0,11,152},
    {0x2014,16472,19,8,0,11,304},
    {0x2018,16552,6,14,0,5,94},
    {0x2019,16594,6,14,0,5,94},
    {0x201c,16636,10,14,0,5,164},
    {0x201d,16706,10,14,0,5,162},
    {0x2022,16776,9,9,0,10,144},
    {0x2026,16821,19,3,0,16,304},
};
const pod_font_t pod_font_title = { pod_font_title_g, pod_font_title_bm, 199, 19, 24 };

static const uint8_t pod_font_body_bm[8692] = {
    0x0c,0xb0,0x0c,0xb0,0x0c,0xb0,0x0b,0xa0,0x0b,0xa0,0x0b,0xa0,0x0b,0xa0,0x00,0x00,0x00,0x00,0x0c,0xb0,0x0b,0xb0,0x0a,0xb5,
    0xf1,0x0a,0xa4,0xf1,0x09,0xa4,0xf0,0x08,0x93,0xf0,0x00,0x00,0x00,0x00,0x00,0x00,0x00,0x00,0x00,0x00,0x00,0x00,0x00,0x00,
    0x00,0x00,0x00,0x00,0x00,0x00,0x00,0x00,0x6b,0x01,0xf1,0x00,0x00,0x89,0x03,0xe0,0x00,0x00,0xa7,0x05,0xc0,0x00,0x2f,0xff,
    0xff,0xff,0x00,0x15,0xf6,0x5b,0xa4,0x00,0x01,0xf1,0x0b,0x60,0x00,0x14,0xe1,0x1d,0x50,0x00,0xbf,0xff,0xff,0xf7,0x00,0x39,
    0xb4,0x6f,0x41,0x00,0x09,0x70,0x5c,0x00,0x00,0x0c,0x50,0x7a,0x00,0x00,0x00,0x02,0x90,0x00,0x00,0x9e,0xfd,0x50,0x09,0xfa,
    0xcc,0xf3,0x0f,0x82,0x91,0xe8,0x0f,0x82,0x90,0x00,0x0a,0xfa,0xa0,0x00,0x01,0x8e,0xfd,0x50,0x00,0x03,0xcb,0xf4,0x01,0x02,
    0x90,0xc9,0x3f,0x42,0x90,0xd9,0x0d,0xe8,0xcb,0xf4,0x02,0xbe,0xfd,0x60,0x00,0x02,0x90,0x00,0x01,0xce,0x70,0x00,0x3d,0x10,
    0x00,0x07,0xc6,0xf1,0x00,0xc5,0x00,0x00,0x09,0x70,0xd3,0x06,0xc0,0x00,0x00,0x08,0xa2,0xf2,0x1e,0x30,0x00,0x00,0x02,0xef,
    0xa0,0x99,0x00,0x00,0x00,0x00,0x13,0x03,0xe1,0x00,0x00,0x00,0x00,0x00,0x0b,0x60,0x9f,0xc1,0x00,0x00,0x00,0x5c,0x02,0xe5,
    0xc6,0x00,0x00,0x01,0xd3,0x04,0xc0,0x98,0x00,0x00,0x08,0xa0,0x02,0xf6,0xd6,0x00,0x00,0x2e,0x10,0x00,0x8f,0xb0,0x00,0x00,
    0x8e,0xd4,0x00,0x00,0x06,0xe6,0x9e,0x00,0x00,0x09,0xc0,0x3f,0x20,0x00,0x06,0xf5,0xdd,0x00,0x00,0x01,0xdf,0xe3,0x00,0x00,
    0x02,0xdf,0x70,0x00,0x00,0x0d,0xda,0xe2,0x8b,0x00,0x4f,0x30,0xcc,0xb9,0x00,0x5f,0x10,0x2e,0xf4,0x00,0x1e,0xb5,0x8f,0xf4,
    0x00,0x03,0xcf,0xd7,0x9e,0x10,0x0a,0xb0,0x0a,0xa0,0x09,0xa0,0x08,0x90,0x00,0x00,0x00,0x00,0x00,0x00,0x00,0x00,0x00,0x00,
    0x00,0x00,0x00,0x00,0x00,0x5f,0x10,0x00,0xbb,0x00,0x01,0xf6,0x00,0x04,0xf2,0x00,0x08,0xe0,0x00,0x09,0xc0,0x00,0x0a,0xb0,
    0x00,0x0a,0xb0,0x00,0x09,0xd0,0x00,0x06,0xf1,0x00,0x02,0xf5,0x00,0x00,0xca,0x00,0x00,0x5f,0x10,0x4f,0x20,0x00,0x0e,0x80,
    0x00,0x09,0xd0,0x00,0x05,0xf1,0x00,0x02,0xf4,0x00,0x00,0xf6,0x00,0x00,0xe7,0x00,0x00,0xf7,0x00,0x01,0xf6,0x00,0x04,0xf3,
    0x00,0x08,0xe0,0x00,0x0d,0x80,0x00,0x4f,0x20,0x00,0x00,0x2d,0x00,0x00,0x0a,0x3c,0x49,0x00,0x07,0xdf,0xd5,0x00,0x05,0xdf,
    0xc3,0x00,0x1b,0x4c,0x5a,0x00,0x00,0x2d,0x00,0x00,0x00,0x00,0x00,0x00,0x00,0x00,0x00,0x00,0x00,0x00,0x00,0x00,0x00,0x00,
    0x00,0x00,0x00,0x00,0x00,0x00,0x00,0x04,0xf0,0x00,0x00,0x00,0x04,0xf0,0x00,0x00,0x01,0x15,0xf1,0x10,0x00,0x0c,0xff,0xff,
    0xf7,0x00,0x03,0x47,0xf4,0x42,0x00,0x00,0x04,0xf0,0x00,0x00,0x00,0x04,0xf0,0x00,0x00,0x00,0x00,0x00,0x00,0x00,0x0b,0xb0,
    0x0d,0x70,0x0f,0x30,0x2e,0x00,0x01,0x11,0x10,0x1f,0xff,0xf2,0x04,0x44,0x40,0x00,0x00,0x00,0x00,0x00,0x00,0x00,0x00,0x00,
    0x00,0x00,0x0c,0xb0,0x0b,0xa0,0x00,0x06,0x40,0x00,0x0e,0x50,0x00,0x3f,0x10,0x00,0x7c,0x00,0x00,0xa9,0x00,0x00,0xe5,0x00,
    0x03,0xf1,0x00,0x06,0xd0,0x00,0x0a,0x90,0x00,0x0d,0x50,0x00,0x2f,0x20,0x00,0x6d,0x00,0x00,0x99,0x00,0x00,0x00,0x7d,0xea,
    0x10,0x06,0xf8,0x6d,0xb0,0x0d,0xa0,0x04,0xf3,0x1f,0x50,0x00,0xe7,0x3f,0x30,0x00,0xd9,0x4f,0x20,0x00,0xca,0x4f,0x30,0x00,
    0xd9,0x2f,0x50,0x00,0xe7,0x0d,0xa0,0x04,0xf4,0x06,0xf8,0x6d,0xb0,0x00,0x7d,0xea,0x10,0x01,0xcf,0x50,0x2d,0xef,0x50,0x6c,
    0x3f,0x50,0x20,0x1f,0x50,0x00,0x1f,0x50,0x00,0x1f,0x50,0x00,0x1f,0x50,0x00,0x1f,0x50,0x00,0x1f,0x50,0x00,0x1f,0x50,0x00,
    0x1f,0x50,0x01,0x9e,0xe8,0x00,0x09,0xe6,0x7e,0x80,0x0f,0x70,0x08,0xe0,0x04,0x10,0x07,0xe0,0x00,0x00,0x0c,0xb0,0x00,0x00,
    0x7f,0x30,0x00,0x04,0xf8,0x00,0x00,0x2e,0xb0,0x00,0x01,0xdd,0x10,0x00,0x0b,0xf7,0x55,0x51,0x1f,0xff,0xff,0xf2,0x00,0x8e,
    0xea,0x10,0x09,0xe7,0x6e,0xa0,0x0f,0x70,0x06,0xf0,0x00,0x00,0x06,0xf1,0x00,0x01,0x3d,0xa0,0x00,0x0d,0xfd,0x20,0x00,0x03,
    0x5c,0xd1,0x00,0x00,0x02,0xf5,0x2c,0x40,0x02,0xf6,0x0d,0xd6,0x6c,0xe1,0x02,0xae,0xeb,0x30,0x00,0x00,0x7f,0x90,0x00,0x00,
    0x01,0xef,0x90,0x00,0x00,0x07,0xed,0x90,0x00,0x00,0x1e,0x7c,0x90,0x00,0x00,0x8e,0x1c,0x90,0x00,0x01,0xe7,0x0c,0x90,0x00,
    0x08,0xe1,0x0c,0x90,0x00,0x1e,0x81,0x1c,0x91,0x00,0x4f,0xff,0xff,0xfc,0x00,0x14,0x44,0x4d,0xb3,0x00,0x00,0x00,0x0c,0x90,
    0x00,0x09,0xff,0xff,0xa0,0x0b,0xb5,0x55,0x30,0x0c,0x80,0x00,0x00,0x0e,0x70,0x00,0x00,0x0f,0xbe,0xfa,0x10,0x1b,0xa5,0x7f,
    0x90,0x00,0x00,0x08,0xf0,0x00,0x00,0x05,0xf1,0x3d,0x30,0x08,0xe0,0x0d,0xd6,0x7f,0x80,0x02,0xbe,0xe8,0x00,0x00,0x5d,0xeb,
    0x20,0x04,0xf9,0x6d,0xd0,0x0b,0xa0,0x03,0xe4,0x1f,0x50,0x00,0x00,0x3f,0x5c,0xfd,0x30,0x4f,0xd7,0x5d,0xe1,0x4f,0x80,0x03,
    0xf5,0x2f,0x50,0x00,0xf7,0x0e,0x90,0x03,0xf5,0x07,0xf7,0x6d,0xd0,0x00,0x7d,0xeb,0x20,0x6f,0xff,0xff,0xd0,0x25,0x55,0x5d,
    0xb0,0x00,0x00,0x3f,0x50,0x00,0x00,0x9e,0x00,0x00,0x01,0xe7,0x00,0x00,0x07,0xf1,0x00,0x00,0x0d,0xa0,0x00,0x00,0x4f,0x30,
    0x00,0x00,0xbc,0x00,0x00,0x02,0xf6,0x00,0x00,0x09,0xe0,0x00,0x00,0x00,0x8e,0xea,0x10,0x08,0xf7,0x6e,0xa0,0x0d,0x90,0x06,
    0xf1,0x0d,0x80,0x05,0xf1,0x08,0xe3,0x2c,0xa0,0x01,0xcf,0xfd,0x20,0x0a,0xd6,0x5c,0xc1,0x2f,0x40,0x02,0xf5,0x3f,0x40,0x02,
    0xf6,0x0d,0xd6,0x6c,0xe2,0x02,0xae,0xeb,0x30,0x01,0x9e,0xe9,0x10,0x0a,0xe7,0x6e,0xa0,0x2f,0x60,0x06,0xf2,0x4f,0x30,0x02,
    0xf5,0x3f,0x50,0x04,0xf7,0x0d,0xd3,0x3d,0xf7,0x03,0xef,0xf7,0xf6,0x00,0x13,0x11,0xf3,0x1d,0x50,0x07,0xe0,0x0b,0xe6,0x7e,
    0x70,0x01,0xae,0xe7,0x00,0x00,0x00,0x0c,0xb0,0x0b,0xa0,0x00,0x00,0x00,0x00,0x00,0x00,0x0c,0xb0,0x0b,0xa0,0x00,0x00,0x0a,
    0xd0,0x09,0xd0,0x00,0x00,0x00,0x00,0x00,0x00,0x0b,0xb0,0x0d,0x70,0x0f,0x30,0x2e,0x00,0x00,0x00,0x00,0x01,0x00,0x00,0x00,
    0x06,0xd4,0x00,0x00,0x06,0xde,0x81,0x00,0x07,0xed,0x71,0x00,0x00,0x0d,0xe6,0x00,0x00,0x00,0x01,0x7e,0xd7,0x10,0x00,0x00,
    0x01,0x7e,0xe2,0x00,0x00,0x00,0x00,0x62,0x00,0x01,0x11,0x11,0x10,0x00,0x09,0xff,0xff,0xf5,0x00,0x02,0x44,0x44,0x41,0x00,
    0x01,0x11,0x11,0x10,0x00,0x09,0xff,0xff,0xf5,0x00,0x02,0x44,0x44,0x41,0x00,0x00,0x00,0x00,0x00,0x00,0x01,0x00,0x00,0x00,
    0x00,0x08,0xb3,0x00,0x00,0x00,0x03,0xaf,0xb4,0x00,0x00,0x00,0x02,0x9e,0xc3,0x00,0x00,0x00,0x19,0xf8,0x00,0x00,0x29,0xec,
    0x50,0x00,0x07,0xfc,0x40,0x00,0x00,0x05,0x40,0x00,0x00,0x00,0x05,0xdf,0xc3,0x00,0x2f,0xa5,0xcd,0x00,0x6d,0x10,0x4f,0x30,
    0x00,0x00,0x5f,0x20,0x00,0x03,0xeb,0x00,0x00,0x2e,0xb1,0x00,0x00,0x7e,0x10,0x00,0x00,0x69,0x00,0x00,0x00,0x00,0x00,0x00,
    0x00,0xad,0x00,0x00,0x00,0x9d,0x00,0x00,0x00,0x03,0x9d,0xfd,0x92,0x00,0x00,0x00,0x5f,0xc7,0x57,0xce,0x40,0x00,0x02,0xf8,
    0x00,0x00,0x08,0xe1,0x00,0x0a,0xc0,0x00,0x00,0x10,0xc8,0x00,0x0e,0x50,0x5e,0xf9,0xf0,0x6c,0x00,0x2f,0x11,0xe8,0x5c,0xf0,
    0x3f,0x00,0x4f,0x05,0xc0,0x03,0xf0,0x2f,0x10,0x4f,0x07,0xa0,0x02,0xf0,0x3f,0x00,0x3f,0x15,0xd0,0x04,0xf0,0x4d,0x00,0x0f,
    0x41,0xe9,0x6c,0xf7,0xc9,0x00,0x0a,0xb0,0x5d,0xe5,0x7e,0xc2,0x00,0x03,0xf7,0x00,0x00,0x00,0x00,0x00,0x00,0x6f,0xc7,0x56,
    0x94,0x00,0x00,0x00,0x03,0xad,0xfe,0xb4,0x00,0x00,0x00,0x07,0xf9,0x00,0x00,0x00,0x0c,0xee,0x00,0x00,0x00,0x1f,0x7f,0x40,
    0x00,0x00,0x6f,0x1e,0x80,0x00,0x00,0xac,0x0a,0xd0,0x00,0x00,0xe8,0x06,0xf3,0x00,0x05,0xf5,0x13,0xf7,0x00,0x09,0xff,0xff,
    0xfc,0x00,0x0e,0xb4,0x44,0x9f,0x20,0x3f,0x50,0x00,0x2f,0x60,0x8f,0x10,0x00,0x0d,0xb0,0x0e,0xff,0xfd,0x50,0x00,0x0e,0xa5,
    0x5b,0xf3,0x00,0x0e,0x80,0x01,0xf7,0x00,0x0e,0x80,0x00,0xf7,0x00,0x0e,0x81,0x19,0xe2,0x00,0x0e,0xff,0xff,0x60,0x00,0x0e,
    0x94,0x48,0xf6,0x00,0x0e,0x80,0x00,0xbc,0x00,0x0e,0x80,0x00,0xac,0x00,0x0e,0xa5,0x58,0xf8,0x00,0x0e,0xff,0xfe,0x90,0x00,
    0x00,0x2a,0xee,0xa2,0x00,0x02,0xec,0x66,0xde,0x20,0x0a,0xd1,0x00,0x1e,0x90,0x1f,0x70,0x00,0x05,0x60,0x3f,0x30,0x00,0x00,
    0x00,0x4f,0x30,0x00,0x00,0x00,0x3f,0x30,0x00,0x00,0x00,0x1f,0x70,0x00,0x05,0x60,0x0a,0xd1,0x00,0x1e,0x90,0x02,0xec,0x66,
    0xde,0x20,0x00,0x2a,0xee,0xa2,0x00,0x0e,0xff,0xec,0x50,0x00,0x0e,0xa5,0x5a,0xf7,0x00,0x0e,0x80,0x00,0x8f,0x20,0x0e,0x80,
    0x00,0x1f,0x60,0x0e,0x80,0x00,0x0d,0x90,0x0e,0x80,0x00,0x0c,0xa0,0x0e,0x80,0x00,0x0d,0x90,0x0e,0x80,0x00,0x1f,0x60,0x0e,
    0x80,0x00,0x8e,0x10,0x0e,0xa5,0x5a,0xf7,0x00,0x0e,0xff,0xec,0x50,0x00,0x0e,0xff,0xff,0xf0,0x0e,0xa5,0x55,0x50,0x0e,0x80,
    0x00,0x00,0x0e,0x80,0x00,0x00,0x0e,0x81,0x11,0x10,0x0e,0xff,0xff,0xa0,0x0e,0x94,0x44,0x30,0x0e,0x80,0x00,0x00,0x0e,0x80,
    0x00,0x00,0x0e,0xa5,0x55,0x50,0x0e,0xff,0xff,0xf1,0x0e,0xff,0xff,0xe0,0x0e,0xa5,0x55,0x40,0x0e,0x80,0x00,0x00,0x0e,0x80,
    0x00,0x00,0x0e,0x81,0x11,0x00,0x0e,0xff,0xff,0x80,0x0e,0x94,0x44,0x20,0x0e,0x80,0x00,0x00,0x0e,0x80,0x00,0x00,0x0e,0x80,
    0x00,0x00,0x0e,0x80,0x00,0x00,0x00,0x2a,0xee,0xa1,0x00,0x02,0xec,0x66,0xdd,0x10,0x0a,0xd1,0x00,0x2f,0x80,0x1f,0x70,0x00,
    0x08,0x90,0x3f,0x30,0x00,0x00,0x00,0x4f,0x30,0x01,0x11,0x10,0x3f,0x30,0x0c,0xff,0xf0,0x1f,0x70,0x03,0x4a,0xe0,0x0a,0xd1,
    0x00,0x0c,0xb0,0x02,0xec,0x66,0xbf,0x30,0x00,0x2a,0xee,0xb3,0x00,0x0e,0x80,0x00,0x0c,0xa0,0x0e,0x80,0x00,0x0c,0xa0,0x0e,
    0x80,0x00,0x0c,0xa0,0x0e,0x80,0x00,0x0c,0xa0,0x0e,0x81,0x11,0x1d,0xa0,0x0e,0xff,0xff,0xff,0xa0,0x0e,0x94,0x44,0x4d,0xa0,
    0x0e,0x80,0x00,0x0c,0xa0,0x0e,0x80,0x00,0x0c,0xa0,0x0e,0x80,0x00,0x0c,0xa0,0x0e,0x80,0x00,0x0c,0xa0,0x0e,0x80,0x0e,0x80,
    0x0e,0x80,0x0e,0x80,0x0e,0x80,0x0e,0x80,0x0e,0x80,0x0e,0x80,0x0e,0x80,0x0e,0x80,0x0e,0x80,0x00,0x00,0x0f,0x70,0x00,0x00,
    0x0f,0x70,0x00,0x00,0x0f,0x70,0x00,0x00,0x0f,0x70,0x00,0x00,0x0f,0x70,0x00,0x00,0x0f,0x70,0x00,0x00,0x0f,0x70,0x5d,0x00,
    0x0f,0x60,0x5f,0x20,0x2f,0x50,0x1e,0xb5,0xbe,0x10,0x04,0xce,0xc3,0x00,0x0e,0x80,0x00,0xaf,0x30,0x0e,0x80,0x07,0xf6,0x00,
    0x0e,0x80,0x3f,0xa0,0x00,0x0e,0x71,0xdc,0x10,0x00,0x0e,0x7a,0xe2,0x00,0x00,0x0e,0xcf,0xf3,0x00,0x00,0x0e,0xf6,0xdc,0x00,
    0x00,0x0e,0xa0,0x4f,0x70,0x00,0x0e,0x80,0x0a,0xe2,0x00,0x0e,0x80,0x01,0xea,0x00,0x0e,0x80,0x00,0x6f,0x40,0x0e,0x80,0x00,
    0x00,0x0e,0x80,0x00,0x00,0x0e,0x80,0x00,0x00,0x0e,0x80,0x00,0x00,0x0e,0x80,0x00,0x00,0x0e,0x80,0x00,0x00,0x0e,0x80,0x00,
    0x00,0x0e,0x80,0x00,0x00,0x0e,0x80,0x00,0x00,0x0e,0xa6,0x66,0x50,0x0e,0xff,0xff,0xc0,0x0e,0xf5,0x00,0x00,0x7f,0xc0,0x0e,
    0xfa,0x00,0x00,0xcf,0xc0,0x0e,0xce,0x10,0x02,0xfc,0xc0,0x0e,0x9f,0x50,0x07,0xe9,0xc0,0x0e,0x7d,0xa0,0x0c,0xa9,0xc0,0x0e,
    0x78,0xe0,0x2f,0x69,0xc0,0x0e,0x73,0xf4,0x6f,0x19,0xc0,0x0e,0x70,0xd8,0xab,0x09,0xc0,0x0e,0x70,0x8c,0xe6,0x09,0xc0,0x0e,
    0x70,0x3f,0xf1,0x09,0xc0,0x0e,0x70,0x0d,0xb0,0x09,0xc0,0x0e,0xe1,0x00,0x0a,0xc0,0x0e,0xf8,0x00,0x0a,0xc0,0x0e,0xde,0x20,
    0x0a,0xc0,0x0e,0x8e,0x90,0x0a,0xc0,0x0e,0x77,0xf2,0x0a,0xc0,0x0e,0x81,0xda,0x0a,0xc0,0x0e,0x80,0x6f,0x4a,0xc0,0x0e,0x80,
    0x0c,0xba,0xc0,0x0e,0x80,0x04,0xfc,0xc0,0x0e,0x80,0x00,0xbf,0xc0,0x0e,0x80,0x00,0x3f,0xc0,0x00,0x2a,0xee,0xa2,0x00,0x02,
    0xec,0x66,0xdd,0x10,0x0a,0xd1,0x00,0x1e,0x90,0x1f,0x70,0x00,0x07,0xe0,0x3f,0x30,0x00,0x04,0xf2,0x4f,0x30,0x00,0x03,0xf3,
    0x3f,0x30,0x00,0x04,0xf2,0x1f,0x70,0x00,0x07,0xe0,0x0a,0xd1,0x00,0x1d,0x90,0x02,0xec,0x66,0xde,0x20,0x00,0x2a,0xee,0xa2,
    0x00,0x0e,0xff,0xfc,0x40,0x0e,0xa5,0x5b,0xf3,0x0e,0x80,0x01,0xe8,0x0e,0x80,0x00,0xca,0x0e,0x80,0x00,0xd9,0x0e,0x81,0x28,
    0xf4,0x0e,0xff,0xff,0x80,0x0e,0x94,0x31,0x00,0x0e,0x80,0x00,0x00,0x0e,0x80,0x00,0x00,0x0e,0x80,0x00,0x00,0x00,0x2a,0xee,
    0xa2,0x00,0x02,0xed,0x88,0xdd,0x10,0x0a,0xe1,0x00,0x2e,0x90,0x1f,0x70,0x00,0x08,0xe0,0x3f,0x40,0x00,0x04,0xf2,0x4f,0x30,
    0x00,0x03,0xf3,0x3f,0x40,0x00,0x04,0xf3,0x1f,0x70,0x28,0x17,0xe0,0x0a,0xd1,0x0b,0xae,0xa0,0x02,0xed,0x8a,0xfe,0x20,0x00,
    0x2a,0xee,0xce,0x10,0x00,0x00,0x00,0x0c,0x90,0x0e,0xff,0xfc,0x50,0x00,0x0e,0xa5,0x5b,0xf3,0x00,0x0e,0x80,0x01,0xe8,0x00,
    0x0e,0x80,0x00,0xca,0x00,0x0e,0x80,0x00,0xd9,0x00,0x0e,0x81,0x27,0xf5,0x00,0x0e,0xff,0xff,0x90,0x00,0x0e,0x94,0x7f,0x40,
    0x00,0x0e,0x80,0x0d,0xc0,0x00,0x0e,0x80,0x05,0xf4,0x00,0x0e,0x80,0x00,0xcc,0x00,0x00,0x8d,0xfc,0x40,0x09,0xe7,0x5b,0xf3,
    0x0f,0x70,0x00,0xd7,0x0f,0x90,0x00,0x00,0x0a,0xfb,0x51,0x00,0x01,0x8e,0xfe,0x70,0x00,0x01,0x5c,0xf5,0x01,0x00,0x00,0xca,
    0x3f,0x40,0x00,0xd9,0x0c,0xe7,0x5a,0xf4,0x02,0x9e,0xfc,0x50,0x6f,0xff,0xff,0xfe,0x25,0x5a,0xf5,0x54,0x00,0x07,0xf0,0x00,
    0x00,0x07,0xf0,0x00,0x00,0x07,0xf0,0x00,0x00,0x07,0xf0,0x00,0x00,0x07,0xf0,0x00,0x00,0x07,0xf0,0x00,0x00,0x07,0xf0,0x00,
    0x00,0x07,0xf0,0x00,0x00,0x07,0xf0,0x00,0x0e,0x80,0x00,0x0d,0x90,0x0e,0x80,0x00,0x0d,0x90,0x0e,0x80,0x00,0x0d,0x90,0x0e,
    0x80,0x00,0x0d,0x90,0x0e,0x80,0x00,0x0d,0x90,0x0e,0x80,0x00,0x0d,0x90,0x0e,0x80,0x00,0x0d,0x90,0x0e,0x80,0x00,0x0e,0x80,
    0x0b,0xd0,0x00,0x4f,0x50,0x03,0xfb,0x67,0xec,0x00,0x00,0x4b,0xee,0x91,0x00,0x8f,0x10,0x00,0x0c,0xb0,0x3f,0x50,0x00,0x2f,
    0x60,0x0d,0xa0,0x00,0x6f,0x20,0x09,0xe0,0x00,0xac,0x00,0x04,0xf3,0x00,0xe8,0x00,0x00,0xe8,0x04,0xf3,0x00,0x00,0xac,0x08,
    0xd0,0x00,0x00,0x5f,0x1c,0x90,0x00,0x00,0x1f,0x6f,0x40,0x00,0x00,0x0b,0xde,0x00,0x00,0x00,0x06,0xfa,0x00,0x00,0x8e,0x00,
    0x06,0xf6,0x00,0x0e,0x90,0x5f,0x30,0x09,0xfa,0x00,0x2f,0x50,0x1f,0x60,0x0d,0xdd,0x00,0x6f,0x20,0x0d,0x90,0x1f,0x8f,0x10,
    0x9d,0x00,0x09,0xc0,0x4f,0x2f,0x50,0xca,0x00,0x06,0xf1,0x7d,0x0c,0x80,0xf6,0x00,0x02,0xf4,0xb9,0x09,0xb3,0xf3,0x00,0x00,
    0xe6,0xe6,0x05,0xe6,0xe0,0x00,0x00,0xaa,0xf2,0x02,0xfb,0xb0,0x00,0x00,0x7f,0xe0,0x00,0xdf,0x70,0x00,0x00,0x3f,0xa0,0x00,
    0xaf,0x40,0x00,0x2f,0x80,0x00,0x6f,0x40,0x08,0xf2,0x01,0xea,0x00,0x01,0xea,0x08,0xf2,0x00,0x00,0x6f,0x4e,0x80,0x00,0x00,
    0x0c,0xed,0x10,0x00,0x00,0x06,0xf8,0x00,0x00,0x00,0x1d,0xee,0x20,0x00,0x00,0x8f,0x3e,0xa0,0x00,0x02,0xf8,0x06,0xf4,0x00,
    0x0b,0xd1,0x00,0xcd,0x00,0x5f,0x50,0x00,0x3f,0x70,0x6f,0x40,0x00,0x3f,0x70,0x0d,0xb0,0x00,0xae,0x10,0x06,0xf4,0x03,0xf6,
    0x00,0x00,0xdb,0x0a,0xd0,0x00,0x00,0x5f,0x5f,0x60,0x00,0x00,0x0c,0xed,0x00,0x00,0x00,0x05,0xf6,0x00,0x00,0x00,0x03,0xf4,
    0x00,0x00,0x00,0x03,0xf4,0x00,0x00,0x00,0x03,0xf4,0x00,0x00,0x00,0x03,0xf4,0x00,0x00,0x4f,0xff,0xff,0xf8,0x15,0x55,0x58,
    0xf4,0x00,0x00,0x0d,0xa0,0x00,0x00,0x7f,0x20,0x00,0x01,0xe8,0x00,0x00,0x09,0xe1,0x00,0x00,0x3f,0x60,0x00,0x00,0xcc,0x00,
    0x00,0x05,0xf3,0x00,0x00,0x1d,0xc5,0x55,0x53,0x3f,0xff,0xff,0xf9,0x01,0x11,0x00,0x0a,0xff,0x10,0x0a,0xb4,0x00,0x0a,0xa0,
    0x00,0x0a,0xa0,0x00,0x0a,0xa0,0x00,0x0a,0xa0,0x00,0x0a,0xa0,0x00,0x0a,0xa0,0x00,0x0a,0xa0,0x00,0x0a,0xa0,0x00,0x0a,0xa0,
    0x00,0x0a,0xa1,0x00,0x0a,0xff,0x10,0x02,0x44,0x00,0x54,0x00,0x00,0x8b,0x00,0x00,0x4e,0x00,0x00,0x1f,0x30,0x00,0x0c,0x70,
    0x00,0x08,0xb0,0x00,0x04,0xe0,0x00,0x01,0xf3,0x00,0x00,0xc7,0x00,0x00,0x8a,0x00,0x00,0x5e,0x00,0x00,0x1f,0x30,0x00,0x0c,
    0x60,0x01,0x10,0x00,0x4f,0xf7,0x00,0x14,0xe7,0x00,0x00,0xd7,0x00,0x00,0xd7,0x00,0x00,0xd7,0x00,0x00,0xd7,0x00,0x00,0xd7,
    0x00,0x00,0xd7,0x00,0x00,0xd7,0x00,0x00,0xd7,0x00,0x00,0xd7,0x00,0x01,0xd7,0x00,0x4f,0xf7,0x00,0x14,0x42,0x00,0x00,0x57,
    0x00,0x01,0xee,0x30,0x07,0xb8,0xa0,0x0d,0x52,0xf1,0x4e,0x00,0xb7,0x00,0x00,0x00,0x00,0x00,0x00,0x00,0x00,0x00,0x00,0x00,
    0x00,0x00,0x00,0x00,0x00,0x00,0x00,0x11,0x11,0x11,0x00,0xff,0xff,0xff,0x00,0x44,0x44,0x44,0x00,0x02,0x10,0x0a,0xa0,0x02,
    0xe2,0x00,0x00,0x00,0x00,0x00,0x00,0x00,0x00,0x00,0x00,0x00,0x00,0x00,0x00,0x00,0x00,0x00,0x00,0x03,0xbe,0xd6,0x00,0x1e,
    0xc5,0x9f,0x30,0x04,0x10,0x0f,0x60,0x02,0x7a,0xcf,0x70,0x2e,0xc7,0x4e,0x70,0x6e,0x00,0x1f,0x70,0x5f,0x86,0xcf,0x70,0x08,
    0xee,0x6e,0x70,0x1f,0x50,0x00,0x00,0x1f,0x50,0x00,0x00,0x1f,0x50,0x00,0x00,0x1f,0x6b,0xfb,0x20,0x1f,0xe8,0x6d,0xc0,0x1f,
    0x90,0x04,0xf3,0x1f,0x50,0x01,0xf6,0x1f,0x50,0x01,0xf6,0x1f,0x90,0x05,0xf3,0x1f,0xd8,0x6e,0xc0,0x1f,0x6b,0xeb,0x20,0x01,
    0xae,0xe8,0x00,0x0b,0xe6,0x7e,0x80,0x3f,0x50,0x05,0x50,0x5f,0x20,0x00,0x00,0x5f,0x20,0x00,0x00,0x3f,0x50,0x05,0x60,0x0b,
    0xe6,0x7e,0x80,0x01,0xae,0xe8,0x00,0x00,0x00,0x04,0xf1,0x00,0x00,0x04,0xf1,0x00,0x00,0x04,0xf1,0x02,0xbe,0xb6,0xf1,0x0c,
    0xe6,0x7d,0xf1,0x3f,0x50,0x08,0xf1,0x5f,0x20,0x05,0xf1,0x5f,0x20,0x05,0xf1,0x3f,0x50,0x09,0xf1,0x0c,0xe6,0x7d,0xf1,0x02,
    0xbe,0xb5,0xf1,0x01,0xae,0xe8,0x00,0x0b,0xd6,0x7e,0x80,0x2f,0x31,0x18,0xd0,0x5f,0xff,0xff,0xf0,0x5f,0x54,0x44,0x40,0x3f,
    0x50,0x03,0x30,0x0b,0xe6,0x6e,0xa0,0x01,0xae,0xe9,0x10,0x01,0xae,0x90,0x06,0xf6,0x30,0x08,0xd0,0x00,0xdf,0xff,0x70,0x4a,
    0xe5,0x20,0x08,0xd0,0x00,0x08,0xd0,0x00,0x08,0xd0,0x00,0x08,0xd0,0x00,0x08,0xd0,0x00,0x08,0xd0,0x00,0x02,0xbe,0xb5,0xf2,
    0x0c,0xe6,0x7d,0xf2,0x3f,0x50,0x08,0xf2,0x5f,0x20,0x05,0xf2,0x5f,0x10,0x05,0xf2,0x3f,0x50,0x08,0xf2,0x0c,0xe6,0x7e,0xf2,
    0x02,0xbe,0xb6,0xf2,0x00,0x00,0x06,0xf1,0x0d,0xb6,0x6d,0xb0,0x03,0xbe,0xea,0x10,0x1f,0x50,0x00,0x00,0x1f,0x50,0x00,0x00,
    0x1f,0x50,0x00,0x00,0x1f,0x6b,0xeb,0x10,0x1f,0xd7,0x7f,0x90,0x1f,0x70,0x09,0xc0,0x1f,0x50,0x08,0xd0,0x1f,0x50,0x08,0xd0,
    0x1f,0x50,0x08,0xd0,0x1f,0x50,0x08,0xd0,0x1f,0x50,0x08,0xd0,0x00,0x00,0x2f,0x60,0x03,0x00,0x00,0x00,0x1f,0x50,0x1f,0x50,
    0x1f,0x50,0x1f,0x50,0x1f,0x50,0x1f,0x50,0x1f,0x50,0x1f,0x50,0x00,0x00,0x02,0xf6,0x00,0x30,0x00,0x00,0x01,0xf5,0x01,0xf5,
    0x01,0xf5,0x01,0xf5,0x01,0xf5,0x01,0xf5,0x01,0xf5,0x01,0xf5,0x01,0xf5,0x19,0xf3,0x3e,0x80,0x1f,0x50,0x00,0x00,0x1f,0x50,
    0x00,0x00,0x1f,0x50,0x00,0x00,0x1f,0x50,0x3e,0x80,0x1f,0x51,0xdb,0x00,0x1f,0x6c,0xd1,0x00,0x1f,0xdf,0x40,0x00,0x1f,0xdd,
    0xb0,0x00,0x1f,0x54,0xf6,0x00,0x1f,0x50,0x9e,0x20,0x1f,0x50,0x1d,0xc0,0x1f,0x50,0x1f,0x50,0x1f,0x50,0x1f,0x50,0x1f,0x50,
    0x1f,0x50,0x1f,0x50,0x1f,0x50,0x1f,0x50,0x1f,0x50,0x1f,0x50,0x1f,0x6c,0xe6,0x3c,0xe9,0x00,0x1f,0xc6,0x9f,0xc6,0x8f,0x60,
    0x1f,0x70,0x0e,0x80,0x0d,0x90,0x1f,0x50,0x0e,0x70,0x0c,0x90,0x1f,0x50,0x0e,0x70,0x0c,0x90,0x1f,0x50,0x0e,0x70,0x0c,0x90,
    0x1f,0x50,0x0e,0x70,0x0c,0x90,0x1f,0x50,0x0e,0x70,0x0c,0x90,0x1f,0x5b,0xeb,0x10,0x1f,0xd7,0x7f,0x90,0x1f,0x70,0x09,0xc0,
    0x1f,0x50,0x08,0xd0,0x1f,0x50,0x08,0xd0,0x1f,0x50,0x08,0xd0,0x1f,0x50,0x08,0xd0,0x1f,0x50,0x08,0xd0,0x01,0xae,0xe8,0x00,
    0x0b,0xe6,0x7e,0x90,0x3f,0x50,0x07,0xf1,0x5f,0x20,0x04,0xf3,0x5f,0x20,0x04,0xf3,0x3f,0x50,0x08,0xf1,0x0b,0xe6,0x7f,0x90,
    0x01,0xae,0xe8,0x00,0x1f,0x6b,0xfb,0x20,0x1f,0xd8,0x6d,0xc0,0x1f,0x90,0x04,0xf3,0x1f,0x50,0x01,0xf6,0x1f,0x50,0x01,0xf6,
    0x1f,0x90,0x05,0xf3,0x1f,0xe8,0x6e,0xc0,0x1f,0x6b,0xeb,0x20,0x1f,0x50,0x00,0x00,0x1f,0x50,0x00,0x00,0x1f,0x50,0x00,0x00,
    0x02,0xbe,0xb5,0xf1,0x0c,0xe6,0x7d,0xf1,0x3f,0x50,0x08,0xf1,0x5f,0x20,0x05,0xf1,0x5f,0x20,0x05,0xf1,0x3f,0x50,0x09,0xf1,
    0x0c,0xe6,0x7e,0xf1,0x02,0xbe,0xb6,0xf1,0x00,0x00,0x04,0xf1,0x00,0x00,0x04,0xf1,0x00,0x00,0x04,0xf1,0x1f,0x7d,0xb0,0x1f,
    0xe7,0x40,0x1f,0x70,0x00,0x1f,0x50,0x00,0x1f,0x50,0x00,0x1f,0x50,0x00,0x1f,0x50,0x00,0x1f,0x50,0x00,0x03,0xcf,0xd4,0x00,
    0x1e,0xb5,0xae,0x10,0x2f,0x50,0x04,0x00,0x0b,0xea,0x61,0x00,0x00,0x49,0xee,0x10,0x15,0x00,0x2f,0x50,0x2f,0xa5,0xaf,0x30,
    0x05,0xdf,0xd5,0x00,0x0d,0x80,0x00,0x0d,0x80,0x00,0xdf,0xff,0x00,0x4d,0xa4,0x00,0x0d,0x80,0x00,0x0d,0x80,0x00,0x0d,0x80,
    0x00,0x0d,0x90,0x00,0x0b,0xc5,0x00,0x03,0xdf,0x10,0x1f,0x50,0x08,0xd0,0x1f,0x50,0x08,0xd0,0x1f,0x50,0x08,0xd0,0x1f,0x50,
    0x08,0xd0,0x1f,0x50,0x08,0xd0,0x0f,0x70,0x0a,0xd0,0x0c,0xe6,0x8d,0xd0,0x03,0xce,0xa7,0xd0,0x8e,0x00,0x07,0xe1,0x3f,0x40,
    0x0c,0xa0,0x0d,0x80,0x2f,0x50,0x08,0xd0,0x6e,0x10,0x03,0xf3,0xba,0x00,0x00,0xd7,0xe5,0x00,0x00,0x8d,0xe1,0x00,0x00,0x3f,
    0xa0,0x00,0x8e,0x00,0x6f,0x30,0x3f,0x40,0x4f,0x30,0xaf,0x70,0x6f,0x10,0x0e,0x60,0xdb,0xa0,0xab,0x00,0x0b,0xa2,0xf5,0xe0,
    0xd7,0x00,0x07,0xd5,0xc1,0xf3,0xf3,0x00,0x03,0xf9,0x80,0xca,0xe0,0x00,0x00,0xee,0x40,0x8e,0xa0,0x00,0x00,0xaf,0x10,0x4f,
    0x60,0x00,0x3f,0x50,0x1e,0x70,0x09,0xd0,0x9d,0x00,0x01,0xe7,0xf5,0x00,0x00,0x7f,0xb0,0x00,0x00,0x8f,0xb0,0x00,0x02,0xf6,
    0xf5,0x00,0x0b,0xc0,0x8e,0x10,0x5f,0x30,0x1e,0x90,0x8e,0x00,0x07,0xf1,0x3f,0x40,0x0c,0xa0,0x0d,0x80,0x1f,0x50,0x08,0xd0,
    0x6e,0x10,0x03,0xf3,0xba,0x00,0x00,0xd7,0xe5,0x00,0x00,0x8d,0xe0,0x00,0x00,0x3f,0x90,0x00,0x00,0x2f,0x40,0x00,0x05,0xad,
    0x00,0x00,0x1e,0xd4,0x00,0x00,0x1f,0xff,0xff,0x50,0x05,0x55,0xbe,0x20,0x00,0x03,0xf6,0x00,0x00,0x0c,0xb0,0x00,0x00,0x8e,
    0x20,0x00,0x03,0xf7,0x00,0x00,0x0d,0xe5,0x55,0x20,0x3f,0xff,0xff,0x70,0x00,0x1a,0xe0,0x00,0x7e,0x60,0x00,0xaa,0x00,0x00,
    0xb9,0x00,0x00,0xb9,0x00,0x02,0xe7,0x00,0x1f,0xa0,0x00,0x05,0xe5,0x00,0x00,0xb9,0x00,0x00,0xb9,0x00,0x00,0xa9,0x00,0x00,
    0x9d,0x20,0x00,0x3d,0xf0,0x00,0x00,0x30,0x03,0x70,0x00,0x06,0xd0,0x00,0x06,0xd0,0x00,0x06,0xd0,0x00,0x06,0xd0,0x00,0x06,
    0xd0,0x00,0x06,0xd0,0x00,0x06,0xd0,0x00,0x06,0xd0,0x00,0x06,0xd0,0x00,0x06,0xd0,0x00,0x06,0xd0,0x00,0x06,0xd0,0x00,0x06,
    0xd0,0x00,0x06,0xd0,0x00,0x06,0xd0,0x00,0x06,0xd0,0x00,0x06,0xd0,0x00,0x4e,0x80,0x00,0x18,0xf3,0x00,0x00,0xe6,0x00,0x00,
    0xd6,0x00,0x00,0xd7,0x00,0x00,0xab,0x10,0x00,0x2d,0xc0,0x00,0x9d,0x40,0x00,0xd7,0x00,0x00,0xd6,0x00,0x00,0xd6,0x00,0x04,
    0xf4,0x00,0x4f,0xb0,0x00,0x12,0x00,0x00,0x00,0x00,0x00,0x00,0x00,0x04,0xed,0x20,0x77,0x00,0x0c,0xa8,0xd3,0xc7,0x00,0x0e,
    0x40,0x9f,0xe2,0x00,0x00,0x00,0x03,0x10,0x00,0x00,0x00,0x00,0x00,0x00,0x00,0x00,0x00,0x00,0x00,0x0b,0xa0,0x0c,0xb0,0x00,
    0x00,0x00,0x00,0x0b,0xa0,0x0b,0xa0,0x0b,0xa0,0x0b,0xb0,0x0b,0xb0,0x0c,0xb0,0x0c,0xb0,0x00,0x08,0x40,0x00,0x00,0x4c,0xa3,
    0x00,0x06,0xfe,0xef,0x40,0x1e,0x98,0x4c,0xa0,0x4f,0x38,0x41,0x00,0x6f,0x18,0x40,0x00,0x5f,0x28,0x40,0x00,0x1f,0x78,0x4a,
    0xa0,0x08,0xfd,0xcf,0x50,0x00,0x7d,0xc5,0x00,0x00,0x08,0x40,0x00,0x00,0x3c,0xec,0x30,0x01,0xec,0x7c,0xd1,0x05,0xf1,0x02,
    0xe3,0x06,0xe0,0x00,0x00,0x07,0xe1,0x11,0x00,0x5f,0xff,0xfd,0x00,0x18,0xf4,0x43,0x00,0x05,0xf0,0x00,0x00,0x05,0xf0,0x00,
    0x42,0x2c,0xb6,0x66,0xf5,0x5f,0xff,0xff,0xc1,0x01,0x00,0x00,0x00,0x00,0x1d,0x5b,0xfe,0x79,0x80,0x09,0xfa,0x46,0xdf,0x30,
    0x09,0xa0,0x00,0x2e,0x20,0x0e,0x30,0x00,0x0a,0x70,0x0f,0x10,0x00,0x08,0x80,0x0e,0x30,0x00,0x0a,0x70,0x09,0xa0,0x00,0x3f,
    0x20,0x0b,0xfb,0x57,0xef,0x60,0x0a,0x3a,0xfd,0x66,0x60,0x9d,0x00,0x0a,0xd0,0x4f,0x40,0x1f,0x70,0x0d,0x90,0x6f,0x20,0x07,
    0xe0,0xbb,0x00,0x02,0xf6,0xf5,0x00,0x01,0xbe,0xe1,0x00,0x2f,0xff,0xff,0x50,0x15,0x6f,0x85,0x20,0x2f,0xff,0xff,0x50,0x14,
    0x5f,0x74,0x10,0x00,0x2f,0x50,0x00,0x0b,0x80,0x0b,0x80,0x0b,0x80,0x0b,0x80,0x0b,0x80,0x00,0x00,0x00,0x00,0x00,0x00,0x0b,
    0x80,0x0b,0x80,0x0b,0x80,0x0b,0x80,0x0b,0x80,0x01,0xae,0xd4,0x00,0x08,0xd6,0xad,0x00,0x0b,0x90,0x19,0x10,0x07,0xe4,0x00,
    0x00,0x05,0xef,0x91,0x00,0x2f,0xbe,0xfd,0x10,0x3e,0x01,0x7f,0x80,0x0c,0x70,0x09,0x90,0x01,0xac,0x6a,0x30,0x00,0x04,0xea,
    0x00,0x03,0x10,0x4f,0x10,0x0d,0xa2,0x7f,0x10,0x04,0xef,0xf7,0x00,0x00,0x13,0x10,0x00,0x00,0x00,0x00,0x00,0x02,0xf3,0x6e,
    0x00,0x00,0x30,0x12,0x00,0x00,0x00,0x00,0x00,0x00,0x00,0x00,0x00,0x00,0x00,0x00,0x00,0x00,0x00,0x00,0x00,0x00,0x00,0x00,
    0x00,0x00,0x00,0x00,0x00,0x00,0x00,0x00,0x00,0x00,0x00,0x00,0x00,0x00,0x00,0x00,0x00,0x00,0x00,0x00,0x00,0x00,0x00,0x00,
    0x05,0xcf,0xfb,0x40,0x00,0x00,0x8f,0x95,0x5a,0xf6,0x00,0x04,0xf5,0x7e,0xe6,0x7f,0x20,0x0a,0xa5,0xf6,0x6f,0x4c,0x80,0x0d,
    0x5a,0x90,0x05,0x37,0xb0,0x0e,0x5a,0x80,0x03,0x27,0xc0,0x0b,0x96,0xe4,0x4f,0x4b,0x90,0x05,0xf3,0xaf,0xf9,0x4f,0x30,0x00,
    0xae,0x64,0x47,0xf9,0x00,0x00,0x08,0xef,0xfe,0x70,0x00,0x00,0x00,0x13,0x30,0x00,0x00,0x09,0xee,0x70,0x29,0x12,0xf1,0x04,
    0x8b,0xf3,0x6e,0x74,0xf3,0x8b,0x04,0xf3,0x2c,0xe9,0xf3,0x00,0x00,0x00,0x00,0x00,0x00,0x00,0x00,0x00,0x00,0x00,0x00,0x00,
    0x3f,0x58,0xe2,0x01,0xda,0x4f,0x50,0x0a,0xd2,0xd9,0x00,0x3f,0x68,0xf1,0x00,0x0a,0xd2,0xd9,0x00,0x01,0xd9,0x4f,0x50,0x00,
    0x3f,0x58,0xe2,0x00,0x00,0x00,0x00,0x01,0x11,0x11,0x10,0x00,0x09,0xff,0xff,0xd0,0x00,0x02,0x44,0x48,0xd0,0x00,0x00,0x00,
    0x06,0xd0,0x00,0x00,0x00,0x01,0x30,0x00,0x00,0x00,0x00,0x00,0x00,0x00,0x00,0x00,0x00,0x00,0x00,0x6e,0xfc,0x30,0x00,0x07,
    0xd7,0x58,0xe2,0x00,0x1e,0x2f,0xf8,0x6a,0x00,0x5a,0x0d,0x7c,0x0e,0x00,0x59,0x0f,0xf8,0x0e,0x00,0x2d,0x1d,0x79,0x5b,0x00,
    0x09,0xc5,0x17,0xe4,0x00,0x01,0x9f,0xfe,0x50,0x00,0x00,0x02,0x31,0x00,0x00,0x00,0x00,0x00,0x00,0x00,0x00,0x00,0x00,0x00,
    0x00,0x01,0x11,0x10,0x0c,0xff,0xc0,0x03,0x44,0x30,0x00,0x00,0x00,0x00,0x00,0x00,0x00,0x00,0x00,0x00,0x00,0x00,0x00,0x00,
    0x00,0x00,0x00,0x00,0x00,0x00,0x00,0x00,0x00,0x00,0x00,0x00,0x00,0x00,0x00,0x00,0x04,0xee,0x40,0x1e,0x78,0xd0,0x3e,0x00,
    0xe2,0x1f,0x45,0xe0,0x07,0xff,0x60,0x00,0x22,0x00,0x00,0x00,0x00,0x00,0x00,0x00,0x00,0x00,0x00,0x00,0x00,0x00,0x00,0x00,
    0x00,0x00,0x04,0xf0,0x00,0x00,0x01,0x15,0xf1,0x10,0x00,0x0b,0xff,0xff,0xf6,0x00,0x03,0x47,0xf4,0x42,0x00,0x00,0x04,0xf0,
    0x00,0x00,0x01,0x11,0x11,0x10,0x00,0x0b,0xff,0xff,0xf6,0x00,0x03,0x44,0x44,0x42,0x00,0x0a,0xee,0x60,0x28,0x15,0xe0,0x00,
    0x2c,0x80,0x05,0xd5,0x00,0x3f,0xee,0xe2,0x00,0x00,0x00,0x00,0x00,0x00,0x00,0x00,0x00,0x00,0x00,0x00,0x00,0x00,0x00,0x00,
    0x00,0x00,0x09,0xee,0x80,0x16,0x14,0xf0,0x00,0xaf,0x80,0x26,0x03,0xf4,0x1a,0xee,0x90,0x00,0x00,0x00,0x00,0x00,0x00,0x00,
    0x00,0x00,0x00,0x00,0x00,0x00,0x00,0x00,0x00,0x00,0x00,0x00,0x21,0x05,0xe1,0x0b,0x70,0x00,0x00,0x00,0x00,0x00,0x00,0x00,
    0x00,0x00,0x00,0x00,0x00,0x00,0x00,0x00,0x00,0x00,0x00,0x1f,0x50,0x08,0xd0,0x1f,0x50,0x08,0xd0,0x1f,0x50,0x08,0xd0,0x1f,
    0x50,0x08,0xd0,0x1f,0x50,0x08,0xd0,0x1f,0x70,0x09,0xd0,0x1f,0xd4,0x5e,0xe3,0x1f,0x9d,0xd4,0xcb,0x1f,0x50,0x00,0x00,0x1f,
    0x50,0x00,0x00,0x1f,0x50,0x00,0x00,0x02,0xbe,0xff,0xc0,0x0d,0xff,0x8a,0xc0,0x4f,0xff,0x58,0xc0,0x5f,0xff,0x58,0xc0,0x3f,
    0xff,0x58,0xc0,0x0c,0xff,0x58,0xc0,0x01,0xad,0x48,0xc0,0x00,0x00,0x08,0xc0,0x00,0x00,0x08,0xc0,0x00,0x00,0x08,0xc0,0x00,
    0x00,0x08,0xc0,0x00,0x00,0x0c,0xb0,0x0b,0xa0,0x00,0x00,0x00,0x00,0x00,0x00,0x00,0x00,0x00,0x00,0x07,0x60,0x02,0xa5,0x0a,
    0xc3,0x1b,0xf5,0x45,0xe5,0x00,0xe5,0x00,0xe5,0x00,0xe5,0x00,0x00,0x00,0x00,0x00,0x00,0x00,0x00,0x00,0x00,0x00,0x00,0x06,
    0xde,0x90,0x3f,0x31,0xc7,0x7c,0x00,0x7c,0x7c,0x00,0x7c,0x3f,0x31,0xc7,0x06,0xde,0x90,0x00,0x00,0x00,0x00,0x00,0x00,0x00,
    0x00,0x00,0x00,0x00,0x00,0x3f,0x67,0xe2,0x00,0x07,0xe3,0xbc,0x00,0x00,0xbc,0x2e,0x80,0x00,0x3f,0x67,0xf2,0x00,0xbd,0x2e,
    0x90,0x06,0xf3,0xbc,0x00,0x3f,0x67,0xe2,0x00,0x00,0x00,0x00,0x00,0x00,0x00,0x00,0x08,0x90,0x00,0x2d,0xd0,0x00,0x2e,0x10,
    0x00,0x78,0xd0,0x00,0xb6,0x00,0x00,0x04,0xd0,0x05,0xc0,0x00,0x00,0x04,0xd0,0x0d,0x40,0x00,0x00,0x04,0xd0,0x7a,0x02,0xf7,
    0x00,0x04,0xd2,0xe2,0x0a,0xe7,0x00,0x00,0x0a,0x70,0x2d,0x97,0x00,0x00,0x4d,0x00,0xa6,0x87,0x00,0x00,0xd4,0x00,0xee,0xee,
    0x10,0x07,0xb0,0x00,0x11,0x98,0x00,0x00,0x00,0x00,0x08,0x90,0x00,0x2d,0xd0,0x00,0x2e,0x10,0x00,0x78,0xd0,0x00,0xb6,0x00,
    0x00,0x04,0xd0,0x05,0xc0,0x00,0x00,0x04,0xd0,0x0d,0x40,0x00,0x00,0x04,0xd0,0x7a,0x08,0xfd,0x20,0x04,0xd2,0xe2,0x0d,0x6c,
    0x70,0x00,0x0a,0x70,0x00,0x0c,0x30,0x00,0x4d,0x00,0x00,0x98,0x00,0x00,0xd4,0x00,0x08,0xd5,0x30,0x07,0xb0,0x00,0x0f,0xff,
    0x90,0x00,0x00,0x00,0x00,0x89,0x00,0x0b,0xfc,0x10,0x02,0xe1,0x00,0x27,0x6e,0x30,0x0b,0x60,0x00,0x01,0xfc,0x00,0x5c,0x00,
    0x00,0x00,0x4d,0x60,0xd4,0x00,0x00,0x4a,0x6d,0x77,0xa0,0x2f,0x80,0x1b,0xeb,0x3e,0x20,0x9e,0x80,0x00,0x00,0xa7,0x02,0xd8,
    0x80,0x00,0x04,0xd0,0x0a,0x78,0x80,0x00,0x0d,0x40,0x0e,0xee,0xe2,0x00,0x7b,0x00,0x01,0x19,0x80,0x00,0x1e,0x70,0x00,0x00,
    0x1e,0x70,0x00,0x00,0x00,0x00,0x00,0x00,0x09,0x40,0x00,0x00,0x2f,0x50,0x00,0x02,0xce,0x10,0x00,0x0d,0xd2,0x00,0x00,0x4f,
    0x30,0x00,0x00,0x5f,0x20,0x2d,0x40,0x1e,0xb5,0xce,0x10,0x04,0xcf,0xc3,0x00,0x00,0x02,0x10,0x00,0x00,0x00,0x0c,0x80,0x00,
    0x00,0x00,0x03,0xe0,0x00,0x00,0x00,0x07,0xf9,0x00,0x00,0x00,0x0c,0xee,0x00,0x00,0x00,0x1f,0x7f,0x40,0x00,0x00,0x6f,0x1e,
    0x80,0x00,0x00,0xac,0x0a,0xd0,0x00,0x00,0xe8,0x06,0xf3,0x00,0x05,0xf5,0x13,0xf7,0x00,0x09,0xff,0xff,0xfc,0x00,0x0e,0xb4,
    0x44,0x9f,0x20,0x3f,0x50,0x00,0x2f,0x60,0x8f,0x10,0x00,0x0d,0xb0,0x00,0x00,0x02,0x10,0x00,0x00,0x00,0x5e,0x10,0x00,0x00,
    0x00,0xb6,0x00,0x00,0x00,0x07,0xf9,0x00,0x00,0x00,0x0c,0xee,0x00,0x00,0x00,0x1f,0x7f,0x40,0x00,0x00,0x6f,0x1e,0x80,0x00,
    0x00,0xac,0x0a,0xd0,0x00,0x00,0xe8,0x06,0xf3,0x00,0x05,0xf5,0x13,0xf7,0x00,0x09,0xff,0xff,0xfc,0x00,0x0e,0xb4,0x44,0x9f,
    0x20,0x3f,0x50,0x00,0x2f,0x60,0x8f,0x10,0x00,0x0d,0xb0,0x00,0x06,0xf9,0x00,0x00,0x00,0x4e,0x3d,0x60,0x00,0x00,0x07,0xf9,
    0x00,0x00,0x00,0x0c,0xee,0x00,0x00,0x00,0x1f,0x7f,0x40,0x00,0x00,0x6f,0x1e,0x80,0x00,0x00,0xac,0x0a,0xd0,0x00,0x00,0xe8,
    0x06,0xf3,0x00,0x05,0xf5,0x13,0xf7,0x00,0x09,0xff,0xff,0xfc,0x00,0x0e,0xb4,0x44,0x9f,0x20,0x3f,0x50,0x00,0x2f,0x60,0x8f,
    0x10,0x00,0x0d,0xb0,0x00,0x1d,0x97,0x80,0x00,0x00,0x59,0x7e,0x30,0x00,0x00,0x07,0xf9,0x00,0x00,0x00,0x0c,0xee,0x00,0x00,
    0x00,0x1f,0x7f,0x40,0x00,0x00,0x6f,0x1e,0x80,0x00,0x00,0xac,0x0a,0xd0,0x00,0x00,0xe8,0x06,0xf3,0x00,0x05,0xf5,0x13,0xf7,
    0x00,0x09,0xff,0xff,0xfc,0x00,0x0e,0xb4,0x44,0x9f,0x20,0x3f,0x50,0x00,0x2f,0x60,0x8f,0x10,0x00,0x0d,0xb0,0x00,0x00,0x00,
    0x00,0x00,0x00,0x6d,0x0b,0x90,0x00,0x00,0x12,0x02,0x10,0x00,0x00,0x07,0xf9,0x00,0x00,0x00,0x0c,0xee,0x00,0x00,0x00,0x1f,
    0x7f,0x40,0x00,0x00,0x6f,0x1e,0x80,0x00,0x00,0xac,0x0a,0xd0,0x00,0x00,0xe8,0x06,0xf3,0x00,0x05,0xf5,0x13,0xf7,0x00,0x09,
    0xff,0xff,0xfc,0x00,0x0e,0xb4,0x44,0x9f,0x20,0x3f,0x50,0x00,0x2f,0x60,0x8f,0x10,0x00,0x0d,0xb0,0x00,0x00,0x00,0x00,0x00,
    0x00,0x09,0xfb,0x00,0x00,0x00,0x0e,0x6d,0x30,0x00,0x00,0x0b,0xfd,0x10,0x00,0x00,0x07,0xfa,0x00,0x00,0x00,0x0c,0xee,0x00,
    0x00,0x00,0x1f,0x7f,0x40,0x00,0x00,0x6f,0x1e,0x80,0x00,0x00,0xac,0x0a,0xd0,0x00,0x00,0xe8,0x06,0xf3,0x00,0x05,0xf5,0x13,
    0xf7,0x00,0x09,0xff,0xff,0xfc,0x00,0x0e,0xb4,0x44,0x9f,0x20,0x3f,0x50,0x00,0x2f,0x60,0x8f,0x10,0x00,0x0d,0xb0,0x00,0x00,
    0x7f,0xff,0xff,0xff,0x30,0x00,0x00,0xd8,0xac,0x55,0x55,0x10,0x00,0x04,0xf3,0xab,0x00,0x00,0x00,0x00,0x0a,0xc0,0xab,0x00,
    0x00,0x00,0x00,0x1f,0x70,0xab,0x11,0x11,0x00,0x00,0x7f,0x10,0xaf,0xff,0xfd,0x00,0x00,0xdb,0x11,0xbc,0x44,0x43,0x00,0x04,
    0xff,0xff,0xfb,0x00,0x00,0x00,0x0a,0xe4,0x44,0xcb,0x00,0x00,0x00,0x1f,0x80,0x00,0xac,0x55,0x55,0x10,0x7f,0x20,0x00,0xaf,
    0xff,0xff,0x40,0x00,0x2a,0xee,0xa2,0x00,0x02,0xec,0x66,0xde,0x20,0x0a,0xd1,0x00,0x1e,0x90,0x1f,0x70,0x00,0x05,0x60,0x3f,
    0x30,0x00,0x00,0x00,0x4f,0x30,0x00,0x00,0x00,0x3f,0x30,0x00,0x00,0x00,0x1f,0x70,0x00,0x05,0x60,0x0a,0xd1,0x00,0x1e,0x90,
    0x02,0xec,0x66,0xde,0x20,0x00,0x2a,0xee,0xa2,0x00,0x00,0x00,0x77,0x00,0x00,0x00,0x00,0x2a,0x60,0x00,0x00,0x00,0x9c,0x30,
    0x00,0x00,0x11,0x00,0x00,0x00,0x5e,0x10,0x00,0x00,0x0b,0x60,0x00,0x0e,0xff,0xff,0xf0,0x0e,0xa5,0x55,0x50,0x0e,0x80,0x00,
    0x00,0x0e,0x80,0x00,0x00,0x0e,0x81,0x11,0x10,0x0e,0xff,0xff,0xa0,0x0e,0x94,0x44,0x30,0x0e,0x80,0x00,0x00,0x0e,0x80,0x00,
    0x00,0x0e,0xa5,0x55,0x50,0x0e,0xff,0xff,0xf1,0x00,0x00,0x11,0x00,0x00,0x00,0xd7,0x00,0x00,0x05,0xd0,0x00,0x0e,0xff,0xff,
    0xf0,0x0e,0xa5,0x55,0x50,0x0e,0x80,0x00,0x00,0x0e,0x80,0x00,0x00,0x0e,0x81,0x11,0x10,0x0e,0xff,0xff,0xa0,0x0e,0x94,0x44,
    0x30,0x0e,0x80,0x00,0x00,0x0e,0x80,0x00,0x00,0x0e,0xa5,0x55,0x50,0x0e,0xff,0xff,0xf1,0x00,0x1d,0xe2,0x00,0x00,0xc8,0x6c,
    0x10,0x0e,0xff,0xff,0xf0,0x0e,0xa5,0x55,0x50,0x0e,0x80,0x00,0x00,0x0e,0x80,0x00,0x00,0x0e,0x81,0x11,0x10,0x0e,0xff,0xff,
    0xa0,0x0e,0x94,0x44,0x30,0x0e,0x80,0x00,0x00,0x0e,0x80,0x00,0x00,0x0e,0xa5,0x55,0x50,0x0e,0xff,0xff,0xf1,0x00,0x00,0x00,
    0x00,0x00,0xe5,0x4f,0x20,0x00,0x20,0x02,0x00,0x0e,0xff,0xff,0xf0,0x0e,0xa5,0x55,0x50,0x0e,0x80,0x00,0x00,0x0e,0x80,0x00,
    0x00,0x0e,0x81,0x11,0x10,0x0e,0xff,0xff,0xa0,0x0e,0x94,0x44,0x30,0x0e,0x80,0x00,0x00,0x0e,0x80,0x00,0x00,0x0e,0xa5,0x55,
    0x50,0x0e,0xff,0xff,0xf1,0x21,0x00,0x9a,0x00,0x1e,0x20,0x0e,0x80,0x0e,0x80,0x0e,0x80,0x0e,0x80,0x0e,0x80,0x0e,0x80,0x0e,
    0x80,0x0e,0x80,0x0e,0x80,0x0e,0x80,0x0e,0x80,0x00,0x21,0x03,0xf3,0x09,0x90,0x0e,0x80,0x0e,0x80,0x0e,0x80,0x0e,0x80,0x0e,
    0x80,0x0e,0x80,0x0e,0x80,0x0e,0x80,0x0e,0x80,0x0e,0x80,0x0e,0x80,0x04,0xeb,0x00,0x2e,0x4b,0x90,0x00,0xe8,0x00,0x00,0xe8,
    0x00,0x00,0xe8,0x00,0x00,0xe8,0x00,0x00,0xe8,0x00,0x00,0xe8,0x00,0x00,0xe8,0x00,0x00,0xe8,0x00,0x00,0xe8,0x00,0x00,0xe8,
    0x00,0x00,0xe8,0x00,0x00,0x00,0x00,0x4f,0x18,0xc0,0x02,0x01,0x20,0x00,0xe8,0x00,0x00,0xe8,0x00,0x00,0xe8,0x00,0x00,0xe8,
    0x00,0x00,0xe8,0x00,0x00,0xe8,0x00,0x00,0xe8,0x00,0x00,0xe8,0x00,0x00,0xe8,0x00,0x00,0xe8,0x00,0x00,0xe8,0x00,0x0a,0xff,
    0xfd,0x80,0x00,0x0a,0xd5,0x58,0xeb,0x00,0x0a,0xc0,0x00,0x4f,0x50,0x0a,0xc0,0x00,0x0c,0xb0,0x1b,0xd1,0x10,0x09,0xd0,0xdf,
    0xff,0xf2,0x07,0xe0,0x3e,0xf4,0x40,0x09,0xd0,0x0a,0xc0,0x00,0x0c,0xa0,0x0a,0xc0,0x00,0x4f,0x50,0x0a,0xd5,0x58,0xeb,0x00,
    0x0a,0xff,0xfd,0x70,0x00,0x00,0x0a,0xc3,0xc0,0x00,0x00,0x0d,0x3d,0x70,0x00,0x0e,0xe1,0x00,0x0a,0xc0,0x0e,0xf8,0x00,0x0a,
    0xc0,0x0e,0xde,0x20,0x0a,0xc0,0x0e,0x8e,0x90,0x0a,0xc0,0x0e,0x77,0xf2,0x0a,0xc0,0x0e,0x81,0xda,0x0a,0xc0,0x0e,0x80,0x6f,
    0x4a,0xc0,0x0e,0x80,0x0c,0xba,0xc0,0x0e,0x80,0x04,0xfc,0xc0,0x0e,0x80,0x00,0xbf,0xc0,0x0e,0x80,0x00,0x3f,0xc0,0x00,0x01,
    0x10,0x00,0x00,0x00,0x06,0xd0,0x00,0x00,0x00,0x00,0xc5,0x00,0x00,0x00,0x2a,0xee,0xa2,0x00,0x02,0xec,0x66,0xdd,0x10,0x0a,
    0xd1,0x00,0x1e,0x90,0x1f,0x70,0x00,0x07,0xe0,0x3f,0x30,0x00,0x04,0xf2,0x4f,0x30,0x00,0x03,0xf3,0x3f,0x30,0x00,0x04,0xf2,
    0x1f,0x70,0x00,0x07,0xe0,0x0a,0xd1,0x00,0x1d,0x90,0x02,0xec,0x66,0xde,0x20,0x00,0x2a,0xee,0xa2,0x00,0x00,0x00,0x01,0x10,
    0x00,0x00,0x00,0x0e,0x60,0x00,0x00,0x00,0x6c,0x00,0x00,0x00,0x2a,0xee,0xa2,0x00,0x02,0xec,0x66,0xdd,0x10,0x0a,0xd1,0x00,
    0x1e,0x90,0x1f,0x70,0x00,0x07,0xe0,0x3f,0x30,0x00,0x04,0xf2,0x4f,0x30,0x00,0x03,0xf3,0x3f,0x30,0x00,0x04,0xf2,0x1f,0x70,
    0x00,0x07,0xe0,0x0a,0xd1,0x00,0x1d,0x90,0x02,0xec,0x66,0xde,0x20,0x00,0x2a,0xee,0xa2,0x00,0x00,0x02,0xdd,0x10,0x00,0x00,
    0x1c,0x77,0xc0,0x00,0x00,0x2a,0xee,0xa2,0x00,0x02,0xec,0x66,0xdd,0x10,0x0a,0xd1,0x00,0x1e,0x90,0x1f,0x70,0x00,0x07,0xe0,
    0x3f,0x30,0x00,0x04,0xf2,0x4f,0x30,0x00,0x03,0xf3,0x3f,0x30,0x00,0x04,0xf2,0x1f,0x70,0x00,0x07,0xe0,0x0a,0xd1,0x00,0x1d,
    0x90,0x02,0xec,0x66,0xde,0x20,0x00,0x2a,0xee,0xa2,0x00,0x00,0x08,0xd3,0xd0,0x00,0x00,0x0d,0x3d,0x80,0x00,0x00,0x2a,0xee,
    0xa2,0x00,0x02,0xec,0x66,0xdd,0x10,0x0a,0xd1,0x00,0x1e,0x90,0x1f,0x70,0x00,0x07,0xe0,0x3f,0x30,0x00,0x04,0xf2,0x4f,0x30,
    0x00,0x03,0xf3,0x3f,0x30,0x00,0x04,0xf2,0x1f,0x70,0x00,0x07,0xe0,0x0a,0xd1,0x00,0x1d,0x90,0x02,0xec,0x66,0xde,0x20,0x00,
    0x2a,0xee,0xa2,0x00,0x00,0x00,0x00,0x00,0x00,0x00,0x1e,0x45,0xe1,0x00,0x00,0x02,0x00,0x20,0x00,0x00,0x2a,0xee,0xa2,0x00,
    0x02,0xec,0x66,0xdd,0x10,0x0a,0xd1,0x00,0x1e,0x90,0x1f,0x70,0x00,0x07,0xe0,0x3f,0x30,0x00,0x04,0xf2,0x4f,0x30,0x00,0x03,
    0xf3,0x3f,0x30,0x00,0x04,0xf2,0x1f,0x70,0x00,0x07,0xe0,0x0a,0xd1,0x00,0x1d,0x90,0x02,0xec,0x66,0xde,0x20,0x00,0x2a,0xee,
    0xa2,0x00,0x04,0x70,0x00,0x91,0x00,0x05,0xf7,0x0b,0xd2,0x00,0x00,0x5f,0xdd,0x20,0x00,0x00,0x0c,0xf8,0x00,0x00,0x00,0xbd,
    0x6f,0x70,0x00,0x07,0xd2,0x05,0xf3,0x00,0x00,0x20,0x00,0x20,0x00,0x00,0x2a,0xee,0xa2,0x00,0x02,0xec,0x66,0xdf,0x60,0x0a,
    0xd1,0x00,0x3f,0xd0,0x1f,0x70,0x00,0xbf,0xe0,0x3f,0x30,0x06,0xc4,0xf2,0x4f,0x30,0x2e,0x33,0xf3,0x3f,0x30,0xc7,0x04,0xf2,
    0x1f,0x78,0xb0,0x07,0xe0,0x0a,0xff,0x20,0x1d,0x90,0x03,0xff,0x66,0xde,0x20,0x08,0xca,0xee,0xa2,0x00,0x01,0x10,0x00,0x00,
    0x00,0x00,0x02,0x10,0x00,0x00,0x00,0x09,0xb0,0x00,0x00,0x00,0x01,0xe2,0x00,0x00,0x0e,0x80,0x00,0x0d,0x90,0x0e,0x80,0x00,
    0x0d,0x90,0x0e,0x80,0x00,0x0d,0x90,0x0e,0x80,0x00,0x0d,0x90,0x0e,0x80,0x00,0x0d,0x90,0x0e,0x80,0x00,0x0d,0x90,0x0e,0x80,
    0x00,0x0d,0x90,0x0e,0x80,0x00,0x0e,0x80,0x0b,0xd0,0x00,0x4f,0x50,0x03,0xfb,0x67,0xec,0x00,0x00,0x4b,0xee,0x91,0x00,0x00,
    0x00,0x02,0x10,0x00,0x00,0x00,0x2f,0x30,0x00,0x00,0x00,0x89,0x00,0x00,0x0e,0x80,0x00,0x0d,0x90,0x0e,0x80,0x00,0x0d,0x90,
    0x0e,0x80,0x00,0x0d,0x90,0x0e,0x80,0x00,0x0d,0x90,0x0e,0x80,0x00,0x0d,0x90,0x0e,0x80,0x00,0x0d,0x90,0x0e,0x80,0x00,0x0d,
    0x90,0x0e,0x80,0x00,0x0e,0x80,0x0b,0xd0,0x00,0x4f,0x50,0x03,0xfb,0x67,0xec,0x00,0x00,0x4b,0xee,0x91,0x00,0x00,0x03,0xec,
    0x00,0x00,0x00,0x2e,0x4a,0x90,0x00,0x0e,0x80,0x00,0x0d,0x90,0x0e,0x80,0x00,0x0d,0x90,0x0e,0x80,0x00,0x0d,0x90,0x0e,0x80,
    0x00,0x0d,0x90,0x0e,0x80,0x00,0x0d,0x90,0x0e,0x80,0x00,0x0d,0x90,0x0e,0x80,0x00,0x0d,0x90,0x0e,0x80,0x00,0x0e,0x80,0x0b,
    0xd0,0x00,0x4f,0x50,0x03,0xfb,0x67,0xec,0x00,0x00,0x4b,0xee,0x91,0x00,0x00,0x00,0x00,0x00,0x00,0x00,0x3f,0x27,0xd0,0x00,
    0x00,0x03,0x01,0x20,0x00,0x0e,0x80,0x00,0x0d,0x90,0x0e,0x80,0x00,0x0d,0x90,0x0e,0x80,0x00,0x0d,0x90,0x0e,0x80,0x00,0x0d,
    0x90,0x0e,0x80,0x00,0x0d,0x90,0x0e,0x80,0x00,0x0d,0x90,0x0e,0x80,0x00,0x0d,0x90,0x0e,0x80,0x00,0x0e,0x80,0x0b,0xd0,0x00,
    0x4f,0x50,0x03,0xfb,0x67,0xec,0x00,0x00,0x4b,0xee,0x91,0x00,0x00,0x00,0x02,0x00,0x00,0x00,0x00,0x6d,0x10,0x00,0x00,0x00,
    0xd5,0x00,0x00,0x6f,0x40,0x00,0x3f,0x70,0x0d,0xb0,0x00,0xae,0x10,0x06,0xf4,0x03,0xf6,0x00,0x00,0xdb,0x0a,0xd0,0x00,0x00,
    0x5f,0x5f,0x60,0x00,0x00,0x0c,0xed,0x00,0x00,0x00,0x05,0xf6,0x00,0x00,0x00,0x03,0xf4,0x00,0x00,0x00,0x03,0xf4,0x00,0x00,
    0x00,0x03,0xf4,0x00,0x00,0x00,0x03,0xf4,0x00,0x00,0x0f,0x70,0x00,0x00,0x0f,0x70,0x00,0x00,0x0f,0x71,0x00,0x00,0x0f,0xff,
    0xfc,0x40,0x0f,0x94,0x4a,0xf2,0x0f,0x70,0x01,0xf5,0x0f,0x71,0x28,0xf3,0x0f,0xff,0xff,0x70,0x0f,0x94,0x31,0x00,0x0f,0x70,
    0x00,0x00,0x0f,0x70,0x00,0x00,0x01,0x9e,0xe9,0x10,0x09,0xe7,0x7f,0x90,0x0e,0x80,0x09,0xd0,0x0e,0x70,0x08,0xd0,0x0e,0x70,
    0x3e,0x70,0x0e,0x76,0xfc,0x20,0x0e,0x71,0x4a,0xe2,0x0e,0x70,0x00,0xe7,0x0e,0x70,0x00,0xe7,0x0e,0x72,0x5a,0xf3,0x0e,0x77,
    0xfd,0x60,0x00,0x21,0x00,0x00,0x00,0xc8,0x00,0x00,0x00,0x3e,0x00,0x00,0x00,0x00,0x00,0x00,0x03,0xbe,0xd6,0x00,0x1e,0xc5,
    0x9f,0x30,0x04,0x10,0x0f,0x60,0x02,0x7a,0xcf,0x70,0x2e,0xc7,0x4e,0x70,0x6e,0x00,0x1f,0x70,0x5f,0x86,0xcf,0x70,0x08,0xee,
    0x6e,0x70,0x00,0x00,0x21,0x00,0x00,0x05,0xe1,0x00,0x00,0x0b,0x60,0x00,0x00,0x00,0x00,0x00,0x03,0xbe,0xd6,0x00,0x1e,0xc5,
    0x9f,0x30,0x04,0x10,0x0f,0x60,0x02,0x7a,0xcf,0x70,0x2e,0xc7,0x4e,0x70,0x6e,0x00,0x1f,0x70,0x5f,0x86,0xcf,0x70,0x08,0xee,
    0x6e,0x70,0x00,0x6f,0x90,0x00,0x04,0xe3,0xd6,0x00,0x00,0x00,0x00,0x00,0x03,0xbe,0xd6,0x00,0x1e,0xc5,0x9f,0x30,0x04,0x10,
    0x0f,0x60,0x02,0x7a,0xcf,0x70,0x2e,0xc7,0x4e,0x70,0x6e,0x00,0x1f,0x70,0x5f,0x86,0xcf,0x70,0x08,0xee,0x6e,0x70,0x01,0xd9,
    0x78,0x00,0x05,0x97,0xe3,0x00,0x00,0x00,0x00,0x00,0x03,0xbe,0xd6,0x00,0x1e,0xc5,0x9f,0x30,0x04,0x10,0x0f,0x60,0x02,0x7a,
    0xcf,0x70,0x2e,0xc7,0x4e,0x70,0x6e,0x00,0x1f,0x70,0x5f,0x86,0xcf,0x70,0x08,0xee,0x6e,0x70,0x00,0x00,0x00,0x00,0x06,0xe0,
    0xaa,0x00,0x01,0x20,0x11,0x00,0x00,0x00,0x00,0x00,0x03,0xbe,0xd6,0x00,0x1e,0xc5,0x9f,0x30,0x04,0x10,0x0f,0x60,0x02,0x7a,
    0xcf,0x70,0x2e,0xc7,0x4e,0x70,0x6e,0x00,0x1f,0x70,0x5f,0x86,0xcf,0x70,0x08,0xee,0x6e,0x70,0x00,0x00,0x00,0x00,0x00,0x8f,
    0xb0,0x00,0x00,0xe6,0xd4,0x00,0x00,0xbf,0xd1,0x00,0x03,0xcf,0xe6,0x00,0x1e,0xc5,0x9f,0x30,0x04,0x10,0x0f,0x60,0x02,0x7a,
    0xcf,0x70,0x2e,0xc7,0x4e,0x70,0x6e,0x00,0x1f,0x70,0x5f,0x86,0xcf,0x70,0x08,0xee,0x6e,0x70,0x04,0xce,0xd4,0x6d,0xea,0x10,
    0x1e,0xa5,0x8f,0xe7,0x6c,0xc0,0x01,0x01,0x1f,0x71,0x14,0xf2,0x06,0xdf,0xff,0xff,0xff,0xf4,0x4f,0x94,0x4f,0x74,0x44,0x41,
    0x7e,0x00,0x2f,0x80,0x02,0x50,0x4f,0x86,0xcd,0xf8,0x5c,0xd0,0x08,0xee,0x91,0x7d,0xeb,0x20,0x01,0xae,0xe8,0x00,0x0b,0xe6,
    0x7e,0x80,0x3f,0x50,0x05,0x50,0x5f,0x20,0x00,0x00,0x5f,0x20,0x00,0x00,0x3f,0x50,0x05,0x60,0x0b,0xe6,0x7e,0x80,0x01,0xaf,
    0xe8,0x00,0x00,0x07,0x70,0x00,0x00,0x02,0xa6,0x00,0x00,0x0a,0xc3,0x00,0x00,0x21,0x00,0x00,0x00,0x8c,0x00,0x00,0x00,0x1e,
    0x30,0x00,0x00,0x00,0x00,0x00,0x01,0xae,0xe8,0x00,0x0b,0xd6,0x7e,0x80,0x2f,0x31,0x18,0xd0,0x5f,0xff,0xff,0xf0,0x5f,0x54,
    0x44,0x40,0x3f,0x50,0x03,0x30,0x0b,0xe6,0x6e,0xa0,0x01,0xae,0xe9,0x10,0x00,0x00,0x21,0x00,0x00,0x02,0xf4,0x00,0x00,0x08,
    0xa0,0x00,0x00,0x00,0x00,0x00,0x01,0xae,0xe8,0x00,0x0b,0xd6,0x7e,0x80,0x2f,0x31,0x18,0xd0,0x5f,0xff,0xff,0xf0,0x5f,0x54,
    0x44,0x40,0x3f,0x50,0x03,0x30,0x0b,0xe6,0x6e,0xa0,0x01,0xae,0xe9,0x10,0x00,0x3e,0xc1,0x00,0x01,0xd5,0x9a,0x00,0x00,0x00,
    0x00,0x00,0x01,0xae,0xe8,0x00,0x0b,0xd6,0x7e,0x80,0x2f,0x31,0x18,0xd0,0x5f,0xff,0xff,0xf0,0x5f,0x54,0x44,0x40,0x3f,0x50,
    0x03,0x30,0x0b,0xe6,0x6e,0xa0,0x01,0xae,0xe9,0x10,0x00,0x00,0x00,0x00,0x03,0xf2,0x7d,0x00,0x00,0x30,0x12,0x00,0x00,0x00,
    0x00,0x00,0x01,0xae,0xe8,0x00,0x0b,0xd6,0x7e,0x80,0x2f,0x31,0x18,0xd0,0x5f,0xff,0xff,0xf0,0x5f,0x54,0x44,0x40,0x3f,0x50,
    0x03,0x30,0x0b,0xe6,0x6e,0xa0,0x01,0xae,0xe9,0x10,0x02,0x10,0x0b,0x80,0x03,0xe1,0x00,0x00,0x01,0xf5,0x01,0xf5,0x01,0xf5,
    0x01,0xf5,0x01,0xf5,0x01,0xf5,0x01,0xf5,0x01,0xf5,0x00,0x21,0x05,0xe1,0x0b,0x70,0x00,0x00,0x1f,0x50,0x1f,0x50,0x1f,0x50,
    0x1f,0x50,0x1f,0x50,0x1f,0x50,0x1f,0x50,0x1f,0x50,0x06,0xfa,0x00,0x3e,0x3c,0x70,0x00,0x00,0x00,0x01,0xf5,0x00,0x01,0xf5,
    0x00,0x01,0xf5,0x00,0x01,0xf5,0x00,0x01,0xf5,0x00,0x01,0xf5,0x00,0x01,0xf5,0x00,0x01,0xf5,0x00,0x00,0x00,0x00,0x6e,0x0a,
    0xa0,0x02,0x01,0x10,0x00,0x00,0x00,0x01,0xf5,0x00,0x01,0xf5,0x00,0x01,0xf5,0x00,0x01,0xf5,0x00,0x01,0xf5,0x00,0x01,0xf5,
    0x00,0x01,0xf5,0x00,0x01,0xf5,0x00,0x00,0x93,0x04,0x00,0x00,0x7e,0xca,0x00,0x00,0xac,0xf4,0x00,0x00,0x40,0x6d,0x00,0x02,
    0xcf,0xbd,0x60,0x0c,0xd5,0x7e,0xb0,0x3f,0x40,0x0a,0xe0,0x5f,0x10,0x06,0xf0,0x5f,0x10,0x05,0xe0,0x2f,0x50,0x09,0xc0,0x0b,
    0xd6,0x8f,0x50,0x01,0xae,0xd7,0x00,0x00,0xac,0x3c,0x00,0x00,0xd3,0xd7,0x00,0x00,0x00,0x00,0x00,0x1f,0x5b,0xeb,0x10,0x1f,
    0xd7,0x7f,0x90,0x1f,0x70,0x09,0xc0,0x1f,0x50,0x08,0xd0,0x1f,0x50,0x08,0xd0,0x1f,0x50,0x08,0xd0,0x1f,0x50,0x08,0xd0,0x1f,
    0x50,0x08,0xd0,0x00,0x11,0x00,0x00,0x00,0x7d,0x00,0x00,0x00,0x0d,0x40,0x00,0x00,0x00,0x00,0x00,0x01,0xae,0xe8,0x00,0x0b,
    0xe6,0x7e,0x90,0x3f,0x50,0x07,0xf1,0x5f,0x20,0x04,0xf3,0x5f,0x20,0x04,0xf3,0x3f,0x50,0x08,0xf1,0x0b,0xe6,0x7f,0x90,0x01,
    0xae,0xe8,0x00,0x00,0x00,0x11,0x00,0x00,0x01,0xe5,0x00,0x00,0x06,0xb0,0x00,0x00,0x00,0x00,0x00,0x01,0xae,0xe8,0x00,0x0b,
    0xe6,0x7e,0x90,0x3f,0x50,0x07,0xf1,0x5f,0x20,0x04,0xf3,0x5f,0x20,0x04,0xf3,0x3f,0x50,0x08,0xf1,0x0b,0xe6,0x7f,0x90,0x01,
    0xae,0xe8,0x00,0x00,0x2e,0xd1,0x00,0x01,0xd6,0x8b,0x00,0x00,0x00,0x00,0x00,0x01,0xae,0xe8,0x00,0x0b,0xe6,0x7e,0x90,0x3f,
    0x50,0x07,0xf1,0x5f,0x20,0x04,0xf3,0x5f,0x20,0x04,0xf3,0x3f,0x50,0x08,0xf1,0x0b,0xe6,0x7f,0x90,0x01,0xae,0xe8,0x00,0x00,
    0xac,0x3c,0x00,0x00,0xd3,0xd7,0x00,0x00,0x00,0x00,0x00,0x01,0xae,0xe8,0x00,0x0b,0xe6,0x7e,0x90,0x3f,0x50,0x07,0xf1,0x5f,
    0x20,0x04,0xf3,0x5f,0x20,0x04,0xf3,0x3f,0x50,0x08,0xf1,0x0b,0xe6,0x7f,0x90,0x01,0xae,0xe8,0x00,0x00,0x00,0x00,0x00,0x02,
    0xf3,0x6e,0x00,0x00,0x30,0x02,0x00,0x00,0x00,0x00,0x00,0x01,0xae,0xe8,0x00,0x0b,0xe6,0x7e,0x90,0x3f,0x50,0x07,0xf1,0x5f,
    0x20,0x04,0xf3,0x5f,0x20,0x04,0xf3,0x3f,0x50,0x08,0xf1,0x0b,0xe6,0x7f,0x90,0x01,0xae,0xe8,0x00,0x00,0x06,0xe2,0x00,0x00,
    0x00,0x06,0xe2,0x00,0x00,0x01,0x11,0x11,0x10,0x00,0x0b,0xff,0xff,0xf6,0x00,0x03,0x44,0x44,0x41,0x00,0x00,0x00,0x00,0x00,
    0x00,0x00,0x06,0xe2,0x00,0x00,0x00,0x06,0xe2,0x00,0x00,0x01,0xae,0xe8,0x20,0x0b,0xe6,0x7f,0xf1,0x3f,0x50,0x1f,0xf1,0x5f,
    0x21,0xc9,0xf3,0x5f,0x2a,0x74,0xf3,0x3f,0xe9,0x08,0xf1,0x0f,0xf6,0x7f,0x90,0x3d,0xae,0xe8,0x00,0x01,0x00,0x00,0x00,0x00,
    0x21,0x00,0x00,0x00,0x7c,0x00,0x00,0x00,0x0d,0x40,0x00,0x00,0x00,0x00,0x00,0x1f,0x50,0x08,0xd0,0x1f,0x50,0x08,0xd0,0x1f,
    0x50,0x08,0xd0,0x1f,0x50,0x08,0xd0,0x1f,0x50,0x08,0xd0,0x0f,0x70,0x0a,0xd0,0x0c,0xe6,0x8d,0xd0,0x03,0xce,0xa7,0xd0,0x00,
    0x00,0x11,0x00,0x00,0x01,0xe5,0x00,0x00,0x07,0xb0,0x00,0x00,0x00,0x00,0x00,0x1f,0x50,0x08,0xd0,0x1f,0x50,0x08,0xd0,0x1f,
    0x50,0x08,0xd0,0x1f,0x50,0x08,0xd0,0x1f,0x50,0x08,0xd0,0x0f,0x70,0x0a,0xd0,0x0c,0xe6,0x8d,0xd0,0x03,0xce,0xa7,0xd0,0x00,
    0x2e,0xd1,0x00,0x01,0xd6,0x8b,0x00,0x00,0x00,0x00,0x00,0x1f,0x50,0x08,0xd0,0x1f,0x50,0x08,0xd0,0x1f,0x50,0x08,0xd0,0x1f,
    0x50,0x08,0xd0,0x1f,0x50,0x08,0xd0,0x0f,0x70,0x0a,0xd0,0x0c,0xe6,0x8d,0xd0,0x03,0xce,0xa7,0xd0,0x00,0x00,0x00,0x00,0x02,
    0xf3,0x6e,0x00,0x00,0x30,0x12,0x00,0x00,0x00,0x00,0x00,0x1f,0x50,0x08,0xd0,0x1f,0x50,0x08,0xd0,0x1f,0x50,0x08,0xd0,0x1f,
    0x50,0x08,0xd0,0x1f,0x50,0x08,0xd0,0x0f,0x70,0x0a,0xd0,0x0c,0xe6,0x8d,0xd0,0x03,0xce,0xa7,0xd0,0x00,0x00,0x21,0x00,0x00,
    0x03,0xf2,0x00,0x00,0x09,0x80,0x00,0x00,0x00,0x00,0x00,0x8e,0x00,0x07,0xf1,0x3f,0x40,0x0c,0xa0,0x0d,0x80,0x1f,0x50,0x08,
    0xd0,0x6e,0x10,0x03,0xf3,0xba,0x00,0x00,0xd7,0xe5,0x00,0x00,0x8d,0xe0,0x00,0x00,0x3f,0x90,0x00,0x00,0x2f,0x40,0x00,0x05,
    0xad,0x00,0x00,0x1e,0xd4,0x00,0x00,0x1f,0x50,0x00,0x00,0x1f,0x50,0x00,0x00,0x1f,0x50,0x00,0x00,0x1f,0x6b,0xfb,0x20,0x1f,
    0xe8,0x6d,0xc0,0x1f,0x90,0x04,0xf3,0x1f,0x50,0x01,0xf6,0x1f,0x50,0x01,0xf6,0x1f,0x90,0x05,0xf3,0x1f,0xe8,0x6e,0xc0,0x1f,
    0x6b,0xeb,0x20,0x1f,0x50,0x00,0x00,0x1f,0x50,0x00,0x00,0x1f,0x50,0x00,0x00,0x00,0x00,0x00,0x00,0x04,0xe1,0x9b,0x00,0x00,
    0x20,0x12,0x00,0x00,0x00,0x00,0x00,0x8e,0x00,0x07,0xf1,0x3f,0x40,0x0c,0xa0,0x0d,0x80,0x1f,0x50,0x08,0xd0,0x6e,0x10,0x03,
    0xf3,0xba,0x00,0x00,0xd7,0xe5,0x00,0x00,0x8d,0xe0,0x00,0x00,0x3f,0x90,0x00,0x00,0x2f,0x40,0x00,0x05,0xad,0x00,0x00,0x1e,
    0xd4,0x00,0x00,0x11,0x11,0x11,0x00,0xff,0xff,0xff,0x80,0x44,0x44,0x44,0x20,0x00,0x00,0x00,0x00,0x00,0x00,0x00,0x00,0x00,
    0x00,0x00,0x00,0x11,0x11,0x11,0x11,0x11,0x11,0x10,0xff,0xff,0xff,0xff,0xff,0xff,0xf0,0x44,0x44,0x44,0x44,0x44,0x44,0x40,
    0x00,0x00,0x00,0x00,0x00,0x00,0x00,0x00,0x00,0x00,0x00,0x00,0x00,0x00,0x00,0x00,0x00,0x00,0x00,0x00,0x00,0x01,0xf0,0x05,
    0xd0,0x09,0xb0,0x0d,0x90,0x00,0x00,0x00,0x00,0x00,0x00,0x00,0x00,0x00,0x00,0x00,0x00,0x00,0x00,0x07,0xe0,0x09,0xa0,0x0b,
    0x70,0x0e,0x30,0x00,0x00,0x00,0x00,0x00,0x00,0x00,0x00,0x00,0x00,0x00,0x00,0x01,0xf0,0x89,0x05,0xd0,0xc6,0x09,0xb1,0xf4,
    0x0d,0x94,0xf2,0x00,0x00,0x00,0x00,0x00,0x00,0x00,0x00,0x00,0x00,0x00,0x00,0x00,0x00,0x00,0x00,0x00,0x00,0x00,0x00,0x00,
    0x07,0xe0,0xe7,0x09,0xa2,0xf3,0x0b,0x74,0xe0,0x0e,0x36,0xa0,0x00,0x00,0x00,0x00,0x00,0x00,0x00,0x00,0x00,0x00,0x00,0x00,
    0x00,0x00,0x00,0x00,0x00,0x00,0x00,0x9e,0x80,0x00,0x06,0xff,0xf4,0x00,0x08,0xff,0xf7,0x00,0x06,0xff,0xf4,0x00,0x00,0x9e,
    0x90,0x00,0x00,0x00,0x00,0x00,0x00,0x00,0x00,0x00,0x00,0x00,0x00,0x00,0x00,0x00,0x0c,0xb0,0x0d,0xa0,0x0d,0x90,0x0b,0xa0,
    0x0c,0x90,0x0d,0x90,
};
static const pod_glyph_t pod_font_body_g[199] = {
    {0x0020,0,0,0,0,0,56},
    {0x0021,0,4,11,0,2,63},
    {0x0022,22,6,11,0,2,103},
    {0x0023,55,9,11,0,2,133},
    {0x0024,110,8,13,0,1,134},
    {0x0025,162,13,11,0,2,206},
    {0x0026,239,9,11,0,2,136},
    {0x0027,294,4,11,0,2,65},
    {0x0028,316,5,13,0,2,77},
    {0x0029,355,5,13,0,2,77},
    {0x002a,394,7,11,0,2,108},
    {0x002b,438,9,8,0,5,139},
    {0x002c,478,4,4,0,11,63},
    {0x002d,486,6,6,0,7,96},
    {0x002e,504,4,3,0,10,63},
    {0x002f,510,5,13,0,2,77},
    {0x0030,549,8,11,0,2,134},
    {0x0031,593,5,11,0,2,86},
    {0x0032,626,8,11,0,2,128},
    {0x0033,670,8,11,0,2,130},
    {0x0034,714,9,11,0,2,136},
    {0x0035,769,8,11,0,2,126},
    {0x0036,813,8,11,0,2,131},
    {0x0037,857,7,11,0,2,119},
    {0x0038,901,8,11,0,2,131},
    {0x0039,945,8,11,0,2,131},
    {0x003a,989,4,8,0,5,63},
    {0x003b,1005,4,10,0,5,66},
    {0x003c,1025,9,8,0,5,139},
    {0x003d,1065,9,7,0,6,139},
    {0x003e,1100,9,8,0,5,139},
    {0x003f,1140,7,11,0,2,110},
    {0x0040,1184,13,14,0,2,204},
    {0x0041,1282,9,11,0,2,148},
    {0x0042,1337,9,11,0,2,136},
    {0x0043,1392,10,11,0,2,152},
    {0x0044,1447,9,11,0,2,150},
    {0x0045,1502,8,11,0,2,126},
    {0x0046,1546,8,11,0,2,122},
    {0x0047,1590,10,11,0,2,156},
    {0x0048,1645,10,11,0,2,155},
    {0x0049,1700,4,11,0,2,57},
    {0x004a,1722,7,11,0,2,120},
    {0x004b,1766,9,11,0,2,143},
    {0x004c,1821,7,11,0,2,118},
    {0x004d,1865,12,11,0,2,190},
    {0x004e,1931,10,11,0,2,157},
    {0x004f,1986,10,11,0,2,160},
    {0x0050,2041,8,11,0,2,134},
    {0x0051,2085,10,12,0,2,160},
    {0x0052,2145,9,11,0,2,135},
    {0x0053,2200,8,11,0,2,134},
    {0x0054,2244,8,11,0,2,136},
    {0x0055,2288,10,11,0,2,154},
    {0x0056,2343,9,11,0,2,148},
    {0x0057,2398,13,11,0,2,208},
    {0x0058,2475,9,11,0,2,146},
    {0x0059,2530,9,11,0,2,145},
    {0x005a,2585,8,11,0,2,133},
    {0x005b,2629,5,15,0,1,77},
    {0x005c,2674,5,13,0,2,77},
    {0x005d,2713,5,15,0,1,77},
    {0x005e,2758,6,11,0,2,99},
    {0x005f,2791,7,3,0,12,96},
    {0x0060,2803,4,12,0,1,70},
    {0x0061,2827,7,8,0,5,118},
    {0x0062,2859,8,11,0,2,128},
    {0x0063,2903,8,8,0,5,120},
    {0x0064,2935,8,11,0,2,128},
    {0x0065,2979,8,8,0,5,122},
    {0x0066,3011,5,11,0,2,79},
    {0x0067,3044,8,11,0,5,129},
    {0x0068,3088,8,11,0,2,125},
    {0x0069,3132,3,12,0,1,52},
    {0x006a,3156,4,15,-1,1,52},
    {0x006b,3186,8,11,0,2,116},
    {0x006c,3230,3,11,0,2,52},
    {0x006d,3252,12,8,0,5,185},
    {0x006e,3300,8,8,0,5,125},
    {0x006f,3332,8,8,0,5,126},
    {0x0070,3364,8,11,0,5,128},
    {0x0071,3408,8,11,0,5,128},
    {0x0072,3452,5,8,0,5,80},
    {0x0073,3476,7,8,0,5,112},
    {0x0074,3508,5,10,0,3,71},
    {0x0075,3538,8,8,0,5,125},
    {0x0076,3570,8,8,0,5,120},
    {0x0077,3602,11,8,0,5,172},
    {0x0078,3650,7,8,0,5,116},
    {0x0079,3682,8,11,0,5,120},
    {0x007a,3726,7,8,0,5,116},
    {0x007b,3758,6,14,0,2,92},
    {0x007c,3800,5,18,0,-2,72},
    {0x007d,3854,6,14,0,2,92},
    {0x007e,3896,9,7,0,6,139},
    {0x00a0,3931,0,0,0,0,56},
    {0x00a1,3931,4,11,0,5,63},
    {0x00a2,3953,8,11,0,2,120},
    {0x00a3,3997,8,11,0,2,129},
    {0x00a4,4041,10,10,0,3,153},
    {0x00a5,4091,8,11,0,2,116},
    {0x00a6,4135,4,13,0,2,61},
    {0x00a7,4161,7,14,0,2,118},
    {0x00a8,4217,8,12,0,1,125},
    {0x00a9,4265,12,12,0,2,190},
    {0x00aa,4337,6,10,0,3,95},
    {0x00ab,4367,8,8,0,5,126},
    {0x00ac,4399,9,6,0,7,139},
    {0x00ad,4429,0,0,0,0,0},
    {0x00ae,4429,9,12,0,1,138},
    {0x00af,4489,6,12,0,1,97},
    {0x00b0,4525,6,12,0,1,95},
    {0x00b1,4561,9,8,0,5,139},
    {0x00b2,4601,6,11,0,2,93},
    {0x00b3,4634,6,11,0,2,94},
    {0x00b4,4667,4,12,0,1,70},
    {0x00b5,4691,8,11,0,5,125},
    {0x00b6,4735,8,11,0,2,125},
    {0x00b7,4779,4,7,0,6,63},
    {0x00b8,4793,4,4,0,12,62},
    {0x00b9,4801,4,11,0,2,65},
    {0x00ba,4823,6,10,0,3,101},
    {0x00bb,4853,8,8,0,5,126},
    {0x00bc,4885,11,11,0,2,170},
    {0x00bd,4951,11,11,0,2,178},
    {0x00be,5017,12,11,0,2,186},
    {0x00bf,5083,7,11,0,5,110},
    {0x00c0,5127,9,14,0,-1,148},
    {0x00c1,5197,9,14,0,-1,148},
    {0x00c2,5267,9,13,0,0,148},
    {0x00c3,5332,9,13,0,0,148},
    {0x00c4,5397,9,14,0,-1,148},
    {0x00c5,5467,9,15,0,-2,148},
    {0x00c6,5542,13,11,0,2,209},
    {0x00c7,5619,10,14,0,2,152},
    {0x00c8,5689,8,14,0,-1,126},
    {0x00c9,5745,8,14,0,-1,126},
    {0x00ca,5801,8,13,0,0,126},
    {0x00cb,5853,8,14,0,-1,126},
    {0x00cc,5909,4,14,0,-1,57},
    {0x00cd,5937,4,14,0,-1,57},
    {0x00ce,5965,5,13,-1,0,57},
    {0x00cf,6004,5,14,-1,-1,57},
    {0x00d0,6046,10,11,0,2,154},
    {0x00d1,6101,10,13,0,0,157},
    {0x00d2,6166,10,14,0,-1,160},
    {0x00d3,6236,10,14,0,-1,160},
    {0x00d4,6306,10,13,0,0,160},
    {0x00d5,6371,10,13,0,0,160},
    {0x00d6,6436,10,14,0,-1,160},
    {0x00d7,6506,9,7,0,6,139},
    {0x00d8,6541,10,12,0,2,160},
    {0x00d9,6601,10,14,0,-1,154},
    {0x00da,6671,10,14,0,-1,154},
    {0x00db,6741,10,13,0,0,154},
    {0x00dc,6806,10,14,0,-1,154},
    {0x00dd,6876,9,14,0,-1,145},
    {0x00de,6946,8,11,0,2,134},
    {0x00df,6990,8,11,0,2,131},
    {0x00e0,7034,7,12,0,1,118},
    {0x00e1,7082,7,12,0,1,118},
    {0x00e2,7130,7,11,0,2,118},
    {0x00e3,7174,7,11,0,2,118},
    {0x00e4,7218,7,12,0,1,118},
    {0x00e5,7266,7,12,0,1,118},
    {0x00e6,7314,12,8,0,5,190},
    {0x00e7,7362,8,11,0,5,120},
    {0x00e8,7406,8,12,0,1,122},
    {0x00e9,7454,8,12,0,1,122},
    {0x00ea,7502,8,11,0,2,122},
    {0x00eb,7546,8,12,0,1,122},
    {0x00ec,7594,4,12,-1,1,52},
    {0x00ed,7618,4,12,0,1,52},
    {0x00ee,7642,5,11,-1,2,52},
    {0x00ef,7675,5,12,-1,1,52},
    {0x00f0,7711,8,12,0,1,122},
    {0x00f1,7759,8,11,0,2,125},
    {0x00f2,7803,8,12,0,1,126},
    {0x00f3,7851,8,12,0,1,126},
    {0x00f4,7899,8,11,0,2,126},
    {0x00f5,7943,8,11,0,2,126},
    {0x00f6,7987,8,12,0,1,126},
    {0x00f7,8035,9,8,0,5,139},
    {0x00f8,8075,8,9,0,5,126},
    {0x00f9,8111,8,12,0,1,125},
    {0x00fa,8159,8,12,0,1,125},
    {0x00fb,8207,8,11,0,2,125},
    {0x00fc,8251,8,12,0,1,125},
    {0x00fd,8299,8,15,0,1,120},
    {0x00fe,8359,8,14,0,2,128},
    {0x00ff,8415,8,15,0,1,120},
    {0x2013,8475,7,6,0,7,104},
    {0x2014,8499,13,6,0,7,208},
    {0x2018,8541,4,11,0,2,58},
    {0x2019,8563,4,10,0,3,58},
    {0x201c,8583,6,11,0,2,98},
    {0x201d,8616,6,10,0,3,98},
    {0x2022,8646,7,7,0,6,111},
    {0x2026,8674,12,3,0,10,189},
};
const pod_font_t pod_font_body = { pod_font_body_g, pod_font_body_bm, 199, 13, 17 };

static const uint8_t pod_font_status_bm[5668] = {
    0x0f,0x80,0x0f,0x70,0x0e,0x70,0x0e,0x70,0x0e,0x60,0x00,0x00,0x01,0x00,0x0d,0x70,0x0d,0x7b,0x90,0x0c,0x6a,0x90,0x0c,0x59,
    0x80,0x00,0x00,0x00,0x00,0x00,0x00,0x00,0x00,0x00,0x00,0x00,0x00,0x00,0x00,0x00,0x00,0xd4,0x1f,0x10,0x00,0xf1,0x3d,0x00,
    0x4f,0xff,0xff,0xd0,0x16,0xc2,0x99,0x20,0x07,0x90,0xa6,0x00,0xbf,0xff,0xff,0x60,0x2d,0x63,0xf3,0x10,0x0e,0x22,0xe0,0x00,
    0x00,0x0a,0x00,0x00,0x04,0xcf,0xe7,0x00,0x2f,0x9b,0x6f,0x50,0x3f,0x5a,0x03,0x20,0x0b,0xfe,0x71,0x00,0x00,0x4c,0xde,0x30,
    0x36,0x0a,0x0d,0x90,0x4f,0x8b,0x6f,0x70,0x07,0xdf,0xe9,0x00,0x00,0x0a,0x00,0x00,0x06,0xeb,0x10,0x09,0x60,0x00,0x0d,0x5b,
    0x60,0x5b,0x00,0x00,0x0d,0x3a,0x61,0xd2,0x00,0x00,0x06,0xec,0x1a,0x50,0x00,0x00,0x00,0x00,0x6a,0x1b,0xe6,0x00,0x00,0x02,
    0xd1,0x5c,0x5e,0x00,0x00,0x0b,0x40,0x5b,0x5e,0x00,0x00,0x79,0x00,0x1b,0xe6,0x00,0x03,0xce,0x90,0x00,0x0c,0xa4,0xf3,0x00,
    0x0a,0x94,0xe1,0x00,0x04,0xfe,0x20,0x00,0x2e,0xaf,0x68,0xa0,0x7e,0x05,0xfd,0x70,0x5f,0x53,0xdf,0x30,0x08,0xee,0xab,0xc0,
    0x0d,0x70,0x0c,0x60,0x0c,0x50,0x00,0x00,0x00,0x00,0x00,0x00,0x00,0x00,0x00,0x00,0x00,0xd7,0x04,0xf2,0x09,0xc0,0x0c,0x90,
    0x0e,0x70,0x0f,0x70,0x0d,0x80,0x0a,0xc0,0x05,0xf2,0x00,0xd7,0x6e,0x10,0x1e,0x60,0x0b,0xa0,0x07,0xe0,0x06,0xf0,0x05,0xf1,
    0x07,0xf0,0x0a,0xc0,0x1e,0x70,0x6e,0x10,0x02,0x76,0x20,0x1b,0xdd,0xa0,0x1a,0xdd,0x90,0x02,0x76,0x20,0x00,0x00,0x00,0x00,
    0x00,0x00,0x00,0x00,0x00,0x00,0x00,0x00,0x00,0x0e,0x50,0x00,0x00,0x0e,0x50,0x00,0x0f,0xff,0xff,0x60,0x02,0x2e,0x62,0x10,
    0x00,0x0e,0x50,0x00,0x00,0x00,0x00,0x00,0x0e,0x60,0x2f,0x20,0x4c,0x00,0x4f,0xff,0x50,0x12,0x22,0x10,0x00,0x00,0x00,0x00,
    0x00,0x00,0x01,0x00,0x0d,0x60,0x00,0x27,0x00,0x8b,0x00,0xc7,0x01,0xf3,0x05,0xd0,0x09,0x90,0x0d,0x50,0x2f,0x10,0x6c,0x00,
    0xa8,0x00,0x03,0xcf,0xd5,0x00,0x0d,0xb3,0x8f,0x20,0x4f,0x30,0x0e,0x80,0x6f,0x10,0x0c,0xa0,0x6f,0x10,0x0c,0xa0,0x4f,0x30,
    0x0e,0x80,0x0d,0xb3,0x8f,0x20,0x03,0xcf,0xd5,0x00,0x06,0xfd,0x00,0x6e,0xcd,0x00,0x41,0x9d,0x00,0x00,0x9d,0x00,0x00,0x9d,
    0x00,0x00,0x9d,0x00,0x00,0x9d,0x00,0x00,0x9d,0x00,0x05,0xdf,0xc3,0x00,0x2f,0x83,0xbd,0x00,0x27,0x10,0x5f,0x00,0x00,0x00,
    0xcb,0x00,0x00,0x0a,0xd2,0x00,0x00,0xad,0x20,0x00,0x0a,0xe4,0x22,0x00,0x4f,0xff,0xff,0x30,0x04,0xdf,0xd5,0x00,0x2f,0x83,
    0x9f,0x10,0x00,0x00,0x7e,0x10,0x00,0x5f,0xe5,0x00,0x00,0x13,0x9e,0x20,0x25,0x00,0x1f,0x60,0x3f,0x83,0x8f,0x30,0x06,0xdf,
    0xd5,0x00,0x00,0x06,0xfc,0x00,0x00,0x2e,0xec,0x00,0x00,0xbb,0x9c,0x00,0x06,0xe2,0x9c,0x00,0x2e,0x60,0x9c,0x00,0x6f,0xff,
    0xff,0xc0,0x13,0x33,0xac,0x20,0x00,0x00,0x9c,0x00,0x0e,0xff,0xfc,0x00,0x0f,0x62,0x22,0x00,0x2f,0x30,0x00,0x00,0x3f,0xae,
    0xc3,0x00,0x28,0x53,0xbe,0x10,0x12,0x00,0x4f,0x20,0x4f,0x63,0xae,0x00,0x06,0xdf,0xc3,0x00,0x02,0xbe,0xd4,0x00,0x0c,0xc3,
    0x8f,0x20,0x3f,0x30,0x05,0x20,0x6f,0x5d,0xe6,0x00,0x6f,0xa3,0x8f,0x40,0x5f,0x30,0x0f,0x70,0x1e,0xa3,0x7f,0x30,0x03,0xbe,
    0xd6,0x00,0x8f,0xff,0xfd,0x12,0x22,0xdb,0x00,0x04,0xf4,0x00,0x0c,0xb0,0x00,0x4f,0x40,0x00,0xbb,0x00,0x04,0xf4,0x00,0x0b,
    0xb0,0x00,0x05,0xce,0xc5,0x00,0x1f,0x93,0x8f,0x10,0x1e,0x70,0x7e,0x10,0x05,0xff,0xf5,0x00,0x2e,0x93,0x8e,0x20,0x6f,0x10,
    0x1f,0x60,0x4f,0x83,0x8f,0x40,0x06,0xdf,0xd6,0x00,0x05,0xde,0xc3,0x00,0x3f,0x83,0xae,0x10,0x6f,0x00,0x2f,0x50,0x4f,0x61,
    0x8f,0x70,0x08,0xff,0x8e,0x60,0x14,0x21,0x2f,0x40,0x2f,0x83,0xbd,0x00,0x04,0xdf,0xb2,0x00,0x01,0x00,0x0d,0x60,0x00,0x00,
    0x00,0x00,0x01,0x00,0x0d,0x60,0x01,0x00,0x0c,0x80,0x00,0x00,0x00,0x00,0x00,0x00,0x0e,0x60,0x2f,0x20,0x4c,0x00,0x00,0x00,
    0x00,0x10,0x00,0x00,0x6d,0x40,0x01,0x7e,0xe8,0x10,0x1e,0xd6,0x00,0x00,0x1a,0xfb,0x40,0x00,0x00,0x29,0xed,0x20,0x00,0x00,
    0x18,0x30,0x0d,0xff,0xff,0x40,0x02,0x22,0x22,0x10,0x0d,0xff,0xff,0x40,0x02,0x22,0x22,0x10,0x00,0x00,0x00,0x00,0x01,0x00,
    0x00,0x00,0x0c,0x92,0x00,0x00,0x05,0xbf,0xa3,0x00,0x00,0x03,0xaf,0x60,0x00,0x28,0xed,0x40,0x09,0xfc,0x50,0x00,0x08,0x40,
    0x00,0x00,0x09,0xee,0x80,0x6f,0x46,0xf4,0x34,0x01,0xf6,0x00,0x1b,0xe2,0x00,0xad,0x20,0x00,0xd6,0x00,0x00,0x10,0x00,0x00,
    0xe6,0x00,0x00,0x29,0xdf,0xea,0x30,0x00,0x03,0xea,0x42,0x48,0xe4,0x00,0x0d,0x92,0xce,0xac,0x6d,0x00,0x4f,0x1a,0xa3,0xbc,
    0x0d,0x40,0x6d,0x0e,0x20,0x5c,0x0b,0x60,0x6c,0x0e,0x20,0x5c,0x0c,0x50,0x4e,0x0b,0x93,0xbe,0x4e,0x20,0x0e,0x82,0xce,0x6b,
    0xe8,0x00,0x04,0xfb,0x53,0x35,0x00,0x00,0x00,0x39,0xdf,0xeb,0x10,0x00,0x00,0x2f,0xf1,0x00,0x00,0x7d,0xe6,0x00,0x00,0xc9,
    0xac,0x00,0x02,0xf5,0x6f,0x20,0x08,0xf1,0x1f,0x70,0x0d,0xff,0xff,0xd0,0x3f,0x72,0x27,0xf3,0x8f,0x10,0x01,0xe8,0x3f,0xff,
    0xe9,0x00,0x3f,0x52,0x6f,0x50,0x3f,0x40,0x4f,0x40,0x3f,0xff,0xf8,0x00,0x3f,0x52,0x5f,0x60,0x3f,0x40,0x0b,0xb0,0x3f,0x52,
    0x4e,0x90,0x3f,0xff,0xea,0x10,0x01,0x8e,0xfc,0x40,0x0b,0xe5,0x39,0xf2,0x3f,0x50,0x00,0x95,0x6f,0x10,0x00,0x00,0x6f,0x10,
    0x00,0x00,0x3f,0x50,0x00,0x95,0x0b,0xd5,0x39,0xe2,0x01,0x9e,0xfc,0x30,0x3f,0xff,0xd8,0x00,0x3f,0x52,0x5e,0xa0,0x3f,0x40,
    0x05,0xf2,0x3f,0x40,0x01,0xf5,0x3f,0x40,0x01,0xf5,0x3f,0x40,0x05,0xf2,0x3f,0x52,0x5e,0xa0,0x3f,0xff,0xd8,0x00,0x3f,0xff,
    0xff,0x00,0x3f,0x52,0x22,0x00,0x3f,0x40,0x00,0x00,0x3f,0xff,0xfb,0x00,0x3f,0x52,0x22,0x00,0x3f,0x40,0x00,0x00,0x3f,0x52,
    0x22,0x00,0x3f,0xff,0xff,0x00,0x3f,0xff,0xfe,0x3f,0x52,0x22,0x3f,0x40,0x00,0x3f,0x40,0x00,0x3f,0xff,0xf8,0x3f,0x52,0x21,
    0x3f,0x40,0x00,0x3f,0x40,0x00,0x01,0x8e,0xfb,0x30,0x0b,0xd5,0x3a,0xe2,0x3f,0x40,0x00,0x95,0x6f,0x10,0x00,0x00,0x6f,0x10,
    0x9f,0xfa,0x3f,0x50,0x12,0xd9,0x0b,0xd5,0x38,0xf3,0x01,0x9e,0xfc,0x40,0x3f,0x40,0x00,0xf6,0x3f,0x40,0x00,0xf6,0x3f,0x40,
    0x00,0xf6,0x3f,0xff,0xff,0xf6,0x3f,0x52,0x23,0xf6,0x3f,0x40,0x00,0xf6,0x3f,0x40,0x00,0xf6,0x3f,0x40,0x00,0xf6,0x3f,0x40,
    0x3f,0x40,0x3f,0x40,0x3f,0x40,0x3f,0x40,0x3f,0x40,0x3f,0x40,0x3f,0x40,0x00,0x00,0xd9,0x00,0x00,0xd9,0x00,0x00,0xd9,0x00,
    0x00,0xd9,0x00,0x00,0xd9,0x7b,0x00,0xd8,0x6f,0x54,0xf6,0x09,0xee,0x90,0x3f,0x40,0x1c,0xd1,0x3f,0x40,0xae,0x20,0x3f,0x38,
    0xf4,0x00,0x3f,0x8f,0x80,0x00,0x3f,0xfc,0xe1,0x00,0x3f,0x61,0xdb,0x00,0x3f,0x40,0x4f,0x60,0x3f,0x40,0x09,0xe2,0x3f,0x40,
    0x00,0x3f,0x40,0x00,0x3f,0x40,0x00,0x3f,0x40,0x00,0x3f,0x40,0x00,0x3f,0x40,0x00,0x3f,0x63,0x32,0x3f,0xff,0xfc,0x3f,0xf2,
    0x00,0x1e,0xf5,0x3f,0xe8,0x00,0x6e,0xf5,0x3f,0xbd,0x00,0xbb,0xf5,0x3f,0x6f,0x42,0xf6,0xf5,0x3f,0x3d,0x97,0xe2,0xf5,0x3f,
    0x37,0xdb,0x91,0xf5,0x3f,0x32,0xfe,0x41,0xf5,0x3f,0x30,0xbd,0x01,0xf5,0x3f,0xb0,0x00,0xe8,0x3f,0xf5,0x00,0xe8,0x3f,0xae,
    0x10,0xe8,0x3f,0x4d,0x90,0xe8,0x3f,0x45,0xf4,0xe8,0x3f,0x40,0xac,0xd8,0x3f,0x40,0x1e,0xf8,0x3f,0x40,0x06,0xf8,0x01,0x8e,
    0xeb,0x30,0x0b,0xd5,0x39,0xf3,0x3f,0x50,0x00,0xda,0x6f,0x10,0x00,0x9d,0x6f,0x10,0x00,0x9d,0x3f,0x50,0x00,0xda,0x0b,0xd5,
    0x39,0xf3,0x01,0x9e,0xec,0x40,0x3f,0xff,0xe8,0x00,0x3f,0x52,0x6f,0x60,0x3f,0x40,0x0d,0x90,0x3f,0x40,0x4f,0x70,0x3f,0xff,
    0xfa,0x00,0x3f,0x52,0x10,0x00,0x3f,0x40,0x00,0x00,0x3f,0x40,0x00,0x00,0x01,0x8e,0xeb,0x30,0x00,0x0b,0xe7,0x5b,0xf3,0x00,
    0x3f,0x50,0x00,0xda,0x00,0x6f,0x10,0x00,0x9d,0x00,0x6f,0x10,0x00,0x9d,0x00,0x3f,0x50,0xa4,0xda,0x00,0x0b,0xe7,0x9f,0xf3,
    0x00,0x01,0x9e,0xed,0xd1,0x00,0x00,0x00,0x00,0x64,0x00,0x3f,0xff,0xd8,0x00,0x3f,0x52,0x6f,0x50,0x3f,0x40,0x0d,0x90,0x3f,
    0x40,0x3f,0x70,0x3f,0xff,0xfb,0x10,0x3f,0x53,0xe8,0x00,0x3f,0x40,0x8e,0x20,0x3f,0x40,0x1e,0x90,0x04,0xcf,0xd7,0x00,0x1f,
    0x93,0x6f,0x50,0x3f,0x50,0x03,0x20,0x0b,0xfc,0x72,0x00,0x00,0x49,0xde,0x30,0x36,0x00,0x0d,0x90,0x3f,0x73,0x5f,0x70,0x06,
    0xdf,0xe8,0x00,0x8f,0xff,0xff,0xc0,0x12,0x3f,0x72,0x20,0x00,0x1f,0x50,0x00,0x00,0x1f,0x50,0x00,0x00,0x1f,0x50,0x00,0x00,
    0x1f,0x50,0x00,0x00,0x1f,0x50,0x00,0x00,0x1f,0x50,0x00,0x3f,0x40,0x02,0xf4,0x3f,0x40,0x02,0xf4,0x3f,0x40,0x02,0xf4,0x3f,
    0x40,0x02,0xf4,0x3f,0x40,0x02,0xf4,0x2f,0x50,0x03,0xf4,0x0c,0xc4,0x3c,0xd0,0x02,0xae,0xeb,0x20,0x8e,0x10,0x01,0xe8,0x3f,
    0x50,0x05,0xf3,0x0d,0xa0,0x0a,0xd0,0x07,0xf1,0x0e,0x80,0x02,0xf5,0x5f,0x20,0x00,0xca,0x9c,0x00,0x00,0x6e,0xd7,0x00,0x00,
    0x1f,0xf2,0x00,0x9e,0x00,0x4f,0x70,0x0b,0xc0,0x5f,0x30,0x8f,0xb0,0x0e,0x80,0x1f,0x60,0xcb,0xf0,0x3f,0x40,0x0c,0xa1,0xf5,
    0xf4,0x7f,0x00,0x08,0xe4,0xf1,0xc7,0xab,0x00,0x04,0xf9,0xb0,0x8b,0xd7,0x00,0x00,0xee,0x70,0x4e,0xf3,0x00,0x00,0xbf,0x30,
    0x0e,0xe0,0x00,0x3f,0x70,0x08,0xe2,0x07,0xf2,0x3f,0x60,0x00,0xcb,0xcb,0x00,0x00,0x3f,0xe2,0x00,0x00,0x4f,0xf3,0x00,0x01,
    0xd9,0xbd,0x10,0x0a,0xe1,0x2e,0x90,0x5f,0x40,0x06,0xf4,0x7f,0x30,0x06,0xf4,0x0c,0xc0,0x0d,0xa0,0x04,0xf5,0x7f,0x20,0x00,
    0xad,0xe8,0x00,0x00,0x1e,0xd1,0x00,0x00,0x0c,0xa0,0x00,0x00,0x0c,0xa0,0x00,0x00,0x0c,0xa0,0x00,0x6f,0xff,0xff,0x80,0x12,
    0x22,0x8e,0x20,0x00,0x03,0xf6,0x00,0x00,0x0c,0xb0,0x00,0x00,0x8e,0x20,0x00,0x04,0xf5,0x00,0x00,0x1d,0xb2,0x22,0x10,0x5f,
    0xff,0xff,0x80,0x0e,0xf8,0x0e,0x71,0x0e,0x60,0x0e,0x60,0x0e,0x60,0x0e,0x60,0x0e,0x60,0x0e,0x60,0x0e,0x60,0x0e,0xf8,0x02,
    0x21,0x64,0x00,0x8a,0x00,0x4e,0x00,0x0f,0x30,0x0b,0x70,0x07,0xb0,0x03,0xf1,0x00,0xe5,0x00,0xa9,0x00,0x6d,0x6f,0xf1,0x16,
    0xf1,0x04,0xf1,0x04,0xf1,0x04,0xf1,0x04,0xf1,0x04,0xf1,0x04,0xf1,0x04,0xf1,0x6f,0xf1,0x12,0x20,0x01,0x73,0x00,0x07,0xdb,
    0x00,0x0d,0x3d,0x30,0x6b,0x07,0xa0,0x00,0x00,0x00,0x00,0x00,0x00,0x00,0x00,0x00,0x00,0x00,0x00,0xff,0xff,0xf2,0x22,0x22,
    0x20,0x0a,0x80,0x00,0x20,0x00,0x00,0x00,0x00,0x00,0x00,0x00,0x00,0x00,0x00,0x00,0x00,0x08,0xee,0xa1,0x3b,0x54,0xe7,0x02,
    0x68,0xe9,0x5e,0x74,0xd9,0x8d,0x35,0xf9,0x2c,0xea,0xc9,0x4f,0x20,0x00,0x00,0x4f,0x20,0x00,0x00,0x4f,0x7e,0xd5,0x00,0x4f,
    0xa3,0x9f,0x20,0x4f,0x30,0x2f,0x50,0x4f,0x30,0x2f,0x50,0x4f,0xa3,0x9f,0x20,0x4f,0x7e,0xd5,0x00,0x05,0xde,0xb2,0x3f,0x83,
    0xcb,0x7e,0x00,0x10,0x7f,0x00,0x10,0x3f,0x83,0xbb,0x05,0xdf,0xb2,0x00,0x00,0x4f,0x20,0x00,0x00,0x4f,0x20,0x07,0xed,0x8f,
    0x20,0x3f,0x83,0xcf,0x20,0x7e,0x00,0x5f,0x20,0x7e,0x00,0x5f,0x20,0x3f,0x83,0xcf,0x20,0x07,0xed,0x7f,0x20,0x05,0xdf,0xb2,
    0x00,0x3f,0x53,0xac,0x00,0x7f,0xff,0xff,0x00,0x7e,0x22,0x22,0x00,0x3f,0x83,0xa9,0x00,0x05,0xdf,0xc3,0x00,0x04,0xde,0x10,
    0x0b,0xb2,0x00,0xdf,0xfe,0x00,0x2c,0xa2,0x00,0x0c,0x90,0x00,0x0c,0x90,0x00,0x0c,0x90,0x00,0x0c,0x90,0x00,0x07,0xed,0x7f,
    0x20,0x3f,0x83,0xcf,0x20,0x7f,0x00,0x5f,0x20,0x7e,0x00,0x4f,0x20,0x4f,0x83,0xbf,0x20,0x07,0xed,0x7f,0x20,0x17,0x43,0x9e,
    0x10,0x08,0xee,0xc4,0x00,0x4f,0x20,0x00,0x00,0x4f,0x20,0x00,0x00,0x4f,0x7e,0xd4,0x00,0x4f,0x93,0xbd,0x00,0x4f,0x20,0x6f,
    0x00,0x4f,0x20,0x6f,0x00,0x4f,0x20,0x6f,0x00,0x4f,0x20,0x6f,0x00,0x3e,0x20,0x01,0x00,0x4f,0x20,0x4f,0x20,0x4f,0x20,0x4f,
    0x20,0x4f,0x20,0x4f,0x20,0x03,0xe2,0x00,0x10,0x04,0xf2,0x04,0xf2,0x04,0xf2,0x04,0xf2,0x04,0xf2,0x04,0xf2,0x08,0xf1,0x3e,
    0x80,0x4f,0x20,0x00,0x00,0x4f,0x20,0x00,0x00,0x4f,0x22,0xe9,0x00,0x4f,0x3d,0xb0,0x00,0x4f,0xde,0x10,0x00,0x4f,0xbf,0x50,
    0x00,0x4f,0x29,0xe2,0x00,0x4f,0x21,0xcc,0x00,0x4f,0x20,0x4f,0x20,0x4f,0x20,0x4f,0x20,0x4f,0x20,0x4f,0x20,0x4f,0x20,0x4f,
    0x20,0x4f,0x7e,0xc4,0xde,0x70,0x4f,0x83,0xed,0x38,0xf1,0x4f,0x20,0xba,0x04,0xf2,0x4f,0x20,0xba,0x04,0xf2,0x4f,0x20,0xba,
    0x04,0xf2,0x4f,0x20,0xba,0x04,0xf2,0x4f,0x7e,0xd4,0x00,0x4f,0x93,0xbd,0x00,0x4f,0x20,0x6f,0x00,0x4f,0x20,0x6f,0x00,0x4f,
    0x20,0x6f,0x00,0x4f,0x20,0x6f,0x00,0x05,0xdf,0xb2,0x00,0x3f,0x83,0xcd,0x00,0x7f,0x00,0x4f,0x20,0x7f,0x00,0x4f,0x20,0x3f,
    0x83,0xcd,0x00,0x05,0xdf,0xb2,0x00,0x4f,0x7e,0xd5,0x00,0x4f,0xa3,0x9f,0x20,0x4f,0x30,0x2f,0x50,0x4f,0x30,0x2f,0x50,0x4f,
    0xa3,0x9f,0x20,0x4f,0x8e,0xd5,0x00,0x4f,0x20,0x00,0x00,0x4f,0x20,0x00,0x00,0x07,0xed,0x7f,0x20,0x3f,0x83,0xbf,0x20,0x7e,
    0x00,0x5f,0x20,0x7e,0x00,0x5f,0x20,0x3f,0x83,0xcf,0x20,0x07,0xed,0x8f,0x20,0x00,0x00,0x4f,0x20,0x00,0x00,0x4f,0x20,0x00,
    0x00,0x00,0x4f,0x8f,0x20,0x4f,0x93,0x00,0x4f,0x20,0x00,0x4f,0x20,0x00,0x4f,0x20,0x00,0x4f,0x20,0x00,0x08,0xee,0x90,0x5f,
    0x54,0xb3,0x2e,0xb6,0x20,0x01,0x59,0xf5,0x5d,0x44,0xe8,0x19,0xee,0xa1,0x08,0x30,0x0f,0x50,0xdf,0xf8,0x2f,0x71,0x0f,0x50,
    0x0f,0x50,0x0f,0x81,0x08,0xe9,0x4f,0x20,0x6f,0x00,0x4f,0x20,0x6f,0x00,0x4f,0x20,0x6f,0x00,0x4f,0x20,0x6f,0x00,0x2f,0x83,
    0xcf,0x00,0x08,0xed,0x8f,0x00,0x9d,0x00,0x6f,0x10,0x4f,0x30,0xba,0x00,0x0d,0x81,0xf5,0x00,0x07,0xd6,0xe0,0x00,0x02,0xfc,
    0x80,0x00,0x00,0xbf,0x30,0x00,0x9c,0x03,0xf6,0x09,0xd0,0x5f,0x16,0xfa,0x0d,0x80,0x1f,0x5a,0x9e,0x2f,0x40,0x0b,0x8e,0x2e,
    0x8e,0x00,0x06,0xed,0x0a,0xea,0x00,0x02,0xf9,0x05,0xf5,0x00,0x4f,0x31,0xd9,0x0a,0xc7,0xd1,0x01,0xef,0x50,0x02,0xee,0x50,
    0x0b,0xa7,0xe1,0x6e,0x20,0xca,0x9d,0x00,0x6f,0x10,0x3f,0x30,0xba,0x00,0x0c,0x82,0xf4,0x00,0x07,0xd7,0xd0,0x00,0x01,0xfd,
    0x70,0x00,0x00,0xaf,0x20,0x00,0x02,0xba,0x00,0x00,0x2f,0xc2,0x00,0x00,0x4f,0xff,0xf7,0x12,0x2a,0xe2,0x00,0x5f,0x40,0x02,
    0xe8,0x00,0x0c,0xd2,0x21,0x5f,0xff,0xf8,0x00,0x7d,0x60,0x00,0xf8,0x10,0x01,0xf4,0x00,0x03,0xf3,0x00,0x4f,0x70,0x00,0x17,
    0xe1,0x00,0x01,0xf3,0x00,0x01,0xf4,0x00,0x00,0xe7,0x00,0x00,0x7f,0x60,0x00,0x00,0x10,0x0a,0x90,0x0a,0x90,0x0a,0x90,0x0a,
    0x90,0x0a,0x90,0x0a,0x90,0x0a,0x90,0x0a,0x90,0x0a,0x90,0x0a,0x90,0x0a,0x90,0x0a,0x90,0x0a,0x90,0x6d,0x70,0x00,0x18,0xf0,
    0x00,0x04,0xf1,0x00,0x03,0xf3,0x00,0x00,0x7f,0x40,0x01,0xe7,0x10,0x03,0xf1,0x00,0x04,0xf1,0x00,0x07,0xe0,0x00,0x6f,0x70,
    0x00,0x10,0x00,0x00,0x08,0xea,0x2b,0x70,0x1f,0x59,0xfe,0x20,0x03,0x00,0x11,0x00,0x00,0x00,0x00,0x00,0x0d,0x70,0x01,0x00,
    0x0e,0x60,0x0e,0x70,0x0e,0x70,0x0e,0x70,0x0f,0x80,0x00,0x09,0x00,0x05,0xdf,0xc2,0x3f,0x7b,0xbb,0x7e,0x09,0x10,0x7e,0x09,
    0x00,0x3f,0x6a,0xbb,0x06,0xef,0xd3,0x00,0x0a,0x00,0x01,0xae,0xd7,0x00,0x09,0xd4,0x7f,0x30,0x0b,0xa0,0x00,0x00,0x7f,0xff,
    0xe0,0x00,0x1a,0xb2,0x20,0x00,0x09,0xb0,0x00,0x00,0x2c,0x83,0x3c,0x50,0x7f,0xff,0xfd,0x20,0x00,0x00,0x00,0x00,0x1c,0x7d,
    0xe8,0xa5,0x0b,0xc4,0x3b,0xe1,0x0e,0x10,0x00,0xd2,0x2d,0x00,0x00,0x95,0x0e,0x10,0x00,0xd3,0x0c,0xc4,0x3a,0xe1,0x1b,0x7d,
    0xe9,0x94,0x00,0x00,0x00,0x00,0x9d,0x00,0xac,0x00,0x2f,0x42,0xf5,0x00,0x0a,0xb8,0xd0,0x00,0x03,0xfe,0x60,0x00,0x5f,0xff,
    0xf6,0x00,0x5f,0xff,0xf7,0x00,0x12,0xac,0x21,0x00,0x00,0x9c,0x00,0x00,0x0d,0x60,0x0d,0x60,0x0d,0x60,0x0d,0x60,0x00,0x00,
    0x00,0x00,0x0d,0x60,0x0d,0x60,0x0d,0x60,0x0d,0x60,0x06,0xee,0x80,0x0e,0x85,0xf2,0x0e,0x80,0x00,0x09,0xfd,0x50,0x5c,0x17,
    0xe6,0x4e,0x50,0x8a,0x05,0xed,0xc2,0x00,0x08,0xf2,0x1c,0x32,0xf4,0x09,0xff,0xb0,0x00,0x11,0x00,0x06,0xb1,0xe2,0x00,0x00,
    0x10,0x10,0x00,0x00,0x00,0x00,0x00,0x00,0x00,0x00,0x00,0x00,0x00,0x00,0x00,0x00,0x00,0x00,0x00,0x00,0x00,0x00,0x00,0x00,
    0x00,0x00,0x00,0x00,0x2a,0xee,0xa2,0x00,0x02,0xea,0x44,0x9e,0x30,0x0b,0x95,0xdd,0x68,0xc0,0x1f,0x4e,0x54,0xb2,0xf1,0x1f,
    0x4e,0x22,0x82,0xf2,0x0c,0x77,0xff,0x87,0xd0,0x03,0xe7,0x22,0x6e,0x50,0x00,0x4d,0xff,0xd4,0x00,0x00,0x00,0x22,0x00,0x00,
    0x2b,0xeb,0x10,0x36,0x0c,0x70,0x3c,0xcd,0x70,0xa8,0x0c,0x70,0x5e,0xcb,0x70,0x00,0x00,0x00,0x00,0x00,0x00,0x00,0x00,0x00,
    0x00,0x00,0x00,0x00,0xbb,0x6e,0x30,0x0a,0xc5,0xf5,0x00,0x4f,0x4d,0xa0,0x00,0x0a,0xc5,0xf5,0x00,0x00,0xbb,0x6e,0x30,0x00,
    0x00,0x00,0x00,0x0c,0xff,0xfd,0x00,0x02,0x22,0x6e,0x00,0x00,0x00,0x39,0x00,0x00,0x00,0x00,0x00,0x02,0xbe,0xc5,0x00,0x1d,
    0xcb,0xbd,0x40,0x57,0x74,0xc3,0xa0,0x66,0x7a,0xa2,0xa0,0x2d,0x72,0x7c,0x50,0x04,0xdf,0xf7,0x00,0x00,0x02,0x00,0x00,0x00,
    0x00,0x00,0x00,0x1f,0xff,0x00,0x02,0x22,0x00,0x00,0x00,0x00,0x00,0x00,0x00,0x00,0x00,0x00,0x00,0x00,0x00,0x00,0x00,0x00,
    0x00,0x00,0x00,0x08,0xe9,0x00,0x3d,0x3c,0x40,0x4c,0x1b,0x40,0x0b,0xfb,0x00,0x00,0x20,0x00,0x00,0x00,0x00,0x00,0x00,0x00,
    0x00,0x00,0x00,0x00,0x0e,0x50,0x00,0x0e,0xff,0xff,0x60,0x02,0x2e,0x62,0x10,0x00,0x0e,0x50,0x00,0x00,0x00,0x00,0x00,0x0e,
    0xff,0xff,0x60,0x02,0x22,0x22,0x10,0x1c,0xeb,0x10,0x36,0x0e,0x40,0x00,0x7d,0x10,0x09,0xc2,0x00,0x5f,0xee,0x60,0x00,0x00,
    0x00,0x00,0x00,0x00,0x00,0x00,0x00,0x00,0x00,0x00,0x00,0x00,0x00,0x1b,0xec,0x10,0x26,0x0d,0x50,0x01,0xed,0x20,0x25,0x0c,
    0x80,0x2b,0xec,0x20,0x00,0x00,0x00,0x00,0x00,0x00,0x00,0x00,0x00,0x00,0x00,0x00,0x00,0x00,0x00,0x0a,0x80,0x02,0x00,0x00,
    0x00,0x00,0x00,0x00,0x00,0x00,0x00,0x00,0x00,0x00,0x00,0x4f,0x20,0x6f,0x00,0x4f,0x20,0x6f,0x00,0x4f,0x20,0x6f,0x00,0x4f,
    0x20,0x6f,0x00,0x4f,0x72,0xbf,0x10,0x4f,0xbe,0x7c,0xa0,0x4f,0x20,0x00,0x00,0x4f,0x20,0x00,0x00,0x08,0xef,0xfc,0x00,0x5f,
    0xfa,0x7c,0x00,0x7f,0xf9,0x6c,0x00,0x5f,0xf9,0x6c,0x00,0x08,0xe9,0x6c,0x00,0x00,0x00,0x6c,0x00,0x00,0x00,0x6c,0x00,0x00,
    0x00,0x6c,0x00,0x01,0x00,0x0d,0x60,0x00,0x00,0x00,0x00,0x00,0x00,0x09,0x10,0x02,0xa1,0x08,0xa0,0x2c,0xe0,0x57,0xe0,0x03,
    0xe0,0x03,0xe0,0x03,0xe0,0x00,0x00,0x00,0x00,0x00,0x00,0x00,0x00,0x00,0x00,0x0a,0xed,0x20,0x7c,0x07,0xc0,0x99,0x03,0xe0,
    0x7c,0x07,0xc0,0x0a,0xed,0x20,0x00,0x00,0x00,0x00,0x00,0x00,0x00,0x00,0x00,0x00,0x00,0x00,0x3e,0x6b,0xb0,0x00,0x05,0xf5,
    0xd9,0x00,0x00,0xad,0x4f,0x40,0x05,0xf5,0xd9,0x00,0x3e,0x6b,0xb0,0x00,0x00,0x00,0x00,0x00,0x5e,0x80,0x00,0xb5,0x00,0x38,
    0x80,0x06,0x90,0x00,0x08,0x80,0x2d,0x10,0x00,0x08,0x80,0xc4,0x28,0x20,0x00,0x07,0x80,0xbe,0x30,0x00,0x3c,0x06,0x9b,0x30,
    0x00,0xc3,0x0b,0xde,0xa0,0x08,0x70,0x00,0x0b,0x30,0x5e,0x80,0x00,0xb5,0x00,0x38,0x80,0x06,0x90,0x00,0x08,0x80,0x2d,0x10,
    0x00,0x08,0x80,0xc4,0x8e,0x90,0x00,0x07,0x80,0xa4,0xf0,0x00,0x3c,0x00,0x06,0x80,0x00,0xc3,0x00,0x6c,0x20,0x08,0x70,0x00,
    0xff,0xf2,0x2c,0xe4,0x00,0x00,0x00,0x36,0x89,0x00,0x1c,0x30,0x06,0xf5,0x00,0x97,0x00,0x25,0x9c,0x04,0xb0,0x00,0x3d,0xe6,
    0x1d,0x23,0x80,0x00,0x00,0xa6,0x0c,0xe1,0x00,0x05,0xb0,0x87,0xd1,0x00,0x2d,0x10,0xdc,0xf7,0x00,0xb5,0x00,0x00,0xe1,0x00,
    0x7d,0x00,0x00,0x01,0x00,0x00,0x6c,0x00,0x02,0xda,0x00,0x2e,0xb1,0x00,0x6f,0x10,0x42,0x5f,0x55,0xf6,0x08,0xee,0x80,0x00,
    0x3d,0x20,0x00,0x00,0x01,0x10,0x00,0x00,0x2f,0xf1,0x00,0x00,0x7d,0xe6,0x00,0x00,0xc9,0xac,0x00,0x02,0xf5,0x6f,0x20,0x08,
    0xf1,0x1f,0x70,0x0d,0xff,0xff,0xd0,0x3f,0x72,0x27,0xf3,0x8f,0x10,0x01,0xe8,0x00,0x02,0xd3,0x00,0x00,0x01,0x10,0x00,0x00,
    0x2f,0xf1,0x00,0x00,0x7d,0xe6,0x00,0x00,0xc9,0xac,0x00,0x02,0xf5,0x6f,0x20,0x08,0xf1,0x1f,0x70,0x0d,0xff,0xff,0xd0,0x3f,
    0x72,0x27,0xf3,0x8f,0x10,0x01,0xe8,0x00,0x06,0x60,0x00,0x00,0x9a,0xa8,0x00,0x00,0x00,0x00,0x00,0x00,0x2f,0xf1,0x00,0x00,
    0x7d,0xe6,0x00,0x00,0xc9,0xac,0x00,0x02,0xf5,0x6f,0x20,0x08,0xf1,0x1f,0x70,0x0d,0xff,0xff,0xd0,0x3f,0x72,0x27,0xf3,0x8f,
    0x10,0x01,0xe8,0x00,0x6c,0x59,0x00,0x00,0xa3,0xc5,0x00,0x00,0x00,0x00,0x00,0x00,0x2f,0xf1,0x00,0x00,0x7d,0xe6,0x00,0x00,
    0xc9,0xac,0x00,0x02,0xf5,0x6f,0x20,0x08,0xf1,0x1f,0x70,0x0d,0xff,0xff,0xd0,0x3f,0x72,0x27,0xf3,0x8f,0x10,0x01,0xe8,0x00,
    0xb6,0x6b,0x00,0x00,0x10,0x01,0x00,0x00,0x2f,0xf1,0x00,0x00,0x7d,0xe6,0x00,0x00,0xc9,0xac,0x00,0x02,0xf5,0x6f,0x20,0x08,
    0xf1,0x1f,0x70,0x0d,0xff,0xff,0xd0,0x3f,0x72,0x27,0xf3,0x8f,0x10,0x01,0xe8,0x00,0x2d,0xd2,0x00,0x00,0x69,0x96,0x00,0x00,
    0x3e,0xe2,0x00,0x00,0x2f,0xf1,0x00,0x00,0x7d,0xe6,0x00,0x00,0xc9,0xac,0x00,0x02,0xf5,0x6f,0x20,0x08,0xf1,0x1f,0x70,0x0d,
    0xff,0xff,0xd0,0x3f,0x72,0x27,0xf3,0x8f,0x10,0x01,0xe8,0x00,0x06,0xfe,0xff,0xff,0x70,0x00,0x0c,0xaa,0xb2,0x22,0x10,0x00,
    0x4f,0x3a,0xb0,0x00,0x00,0x00,0xbc,0x0a,0xff,0xff,0x30,0x02,0xf6,0x0a,0xb2,0x22,0x00,0x09,0xff,0xff,0xb0,0x00,0x00,0x1f,
    0x92,0x2b,0xb2,0x22,0x10,0x8f,0x20,0x0a,0xff,0xff,0x80,0x01,0x8e,0xfc,0x40,0x0b,0xe5,0x39,0xf2,0x3f,0x50,0x00,0x95,0x6f,
    0x10,0x00,0x00,0x6f,0x10,0x00,0x00,0x3f,0x50,0x00,0x95,0x0b,0xd5,0x39,0xe2,0x01,0x9f,0xfc,0x30,0x00,0x01,0x75,0x00,0x00,
    0x04,0xa4,0x00,0x00,0xa8,0x00,0x00,0x00,0x02,0x00,0x00,0x3f,0xff,0xff,0x00,0x3f,0x52,0x22,0x00,0x3f,0x40,0x00,0x00,0x3f,
    0xff,0xfb,0x00,0x3f,0x52,0x22,0x00,0x3f,0x40,0x00,0x00,0x3f,0x52,0x22,0x00,0x3f,0xff,0xff,0x00,0x00,0x0a,0x80,0x00,0x00,
    0x02,0x00,0x00,0x3f,0xff,0xff,0x00,0x3f,0x52,0x22,0x00,0x3f,0x40,0x00,0x00,0x3f,0xff,0xfb,0x00,0x3f,0x52,0x22,0x00,0x3f,
    0x40,0x00,0x00,0x3f,0x52,0x22,0x00,0x3f,0xff,0xff,0x00,0x00,0x38,0x20,0x00,0x03,0xd7,0xd2,0x00,0x00,0x00,0x00,0x00,0x3f,
    0xff,0xff,0x00,0x3f,0x52,0x22,0x00,0x3f,0x40,0x00,0x00,0x3f,0xff,0xfb,0x00,0x3f,0x52,0x22,0x00,0x3f,0x40,0x00,0x00,0x3f,
    0x52,0x22,0x00,0x3f,0xff,0xff,0x00,0x05,0xc1,0xd3,0x00,0x00,0x10,0x10,0x00,0x3f,0xff,0xff,0x00,0x3f,0x52,0x22,0x00,0x3f,
    0x40,0x00,0x00,0x3f,0xff,0xfb,0x00,0x3f,0x52,0x22,0x00,0x3f,0x40,0x00,0x00,0x3f,0x52,0x22,0x00,0x3f,0xff,0xff,0x00,0x09,
    0x90,0x00,0x20,0x03,0xf4,0x03,0xf4,0x03,0xf4,0x03,0xf4,0x03,0xf4,0x03,0xf4,0x03,0xf4,0x03,0xf4,0x08,0x90,0x02,0x00,0x3f,
    0x40,0x3f,0x40,0x3f,0x40,0x3f,0x40,0x3f,0x40,0x3f,0x40,0x3f,0x40,0x3f,0x40,0x02,0x82,0x00,0x2d,0x6d,0x20,0x00,0x00,0x00,
    0x03,0xf4,0x00,0x03,0xf4,0x00,0x03,0xf4,0x00,0x03,0xf4,0x00,0x03,0xf4,0x00,0x03,0xf4,0x00,0x03,0xf4,0x00,0x03,0xf4,0x00,
    0x3d,0x0d,0x40,0x01,0x01,0x00,0x03,0xf4,0x00,0x03,0xf4,0x00,0x03,0xf4,0x00,0x03,0xf4,0x00,0x03,0xf4,0x00,0x03,0xf4,0x00,
    0x03,0xf4,0x00,0x03,0xf4,0x00,0x0d,0xff,0xea,0x20,0x0d,0x92,0x4b,0xe1,0x0d,0x80,0x01,0xe7,0xdf,0xff,0x60,0xba,0x2f,0xb2,
    0x10,0xca,0x0d,0x80,0x01,0xe7,0x0d,0x92,0x4b,0xe1,0x0d,0xff,0xea,0x20,0x00,0x3c,0x5b,0x00,0x00,0x74,0xa7,0x00,0x00,0x00,
    0x00,0x00,0x3f,0xb0,0x00,0xe8,0x3f,0xf5,0x00,0xe8,0x3f,0xae,0x10,0xe8,0x3f,0x4d,0x90,0xe8,0x3f,0x45,0xf4,0xe8,0x3f,0x40,
    0xac,0xd8,0x3f,0x40,0x1e,0xf8,0x3f,0x40,0x06,0xf8,0x00,0x1c,0x50,0x00,0x00,0x01,0x20,0x00,0x01,0x8e,0xeb,0x30,0x0b,0xd5,
    0x39,0xf3,0x3f,0x50,0x00,0xda,0x6f,0x10,0x00,0x9d,0x6f,0x10,0x00,0x9d,0x3f,0x50,0x00,0xda,0x0b,0xd5,0x39,0xf3,0x01,0x9e,
    0xec,0x40,0x00,0x00,0xc5,0x00,0x00,0x01,0x20,0x00,0x01,0x8e,0xeb,0x30,0x0b,0xd5,0x39,0xf3,0x3f,0x50,0x00,0xda,0x6f,0x10,
    0x00,0x9d,0x6f,0x10,0x00,0x9d,0x3f,0x50,0x00,0xda,0x0b,0xd5,0x39,0xf3,0x01,0x9e,0xec,0x40,0x00,0x04,0x71,0x00,0x00,0x5c,
    0x8b,0x00,0x00,0x00,0x00,0x00,0x01,0x8e,0xeb,0x30,0x0b,0xd5,0x39,0xf3,0x3f,0x50,0x00,0xda,0x6f,0x10,0x00,0x9d,0x6f,0x10,
    0x00,0x9d,0x3f,0x50,0x00,0xda,0x0b,0xd5,0x39,0xf3,0x01,0x9e,0xec,0x40,0x00,0x3c,0x5b,0x00,0x00,0x75,0xa8,0x00,0x00,0x00,
    0x00,0x00,0x01,0x8e,0xeb,0x30,0x0b,0xd5,0x39,0xf3,0x3f,0x50,0x00,0xda,0x6f,0x10,0x00,0x9d,0x6f,0x10,0x00,0x9d,0x3f,0x50,
    0x00,0xda,0x0b,0xd5,0x39,0xf3,0x01,0x9e,0xec,0x40,0x00,0x89,0x3d,0x10,0x00,0x01,0x01,0x00,0x01,0x8e,0xeb,0x30,0x0b,0xd5,
    0x39,0xf3,0x3f,0x50,0x00,0xda,0x6f,0x10,0x00,0x9d,0x6f,0x10,0x00,0x9d,0x3f,0x50,0x00,0xda,0x0b,0xd5,0x39,0xf3,0x01,0x9e,
    0xec,0x40,0x08,0x40,0x1a,0x20,0x07,0xf5,0xcd,0x10,0x00,0x8f,0xd1,0x00,0x01,0xce,0xf4,0x00,0x0b,0xc1,0x7f,0x30,0x03,0x10,
    0x04,0x00,0x00,0x00,0x00,0x10,0x01,0x8e,0xec,0xf3,0x0b,0xd5,0x3f,0xf3,0x3f,0x50,0x4d,0xda,0x6f,0x11,0xd3,0x9d,0x6f,0x1a,
    0x70,0x9d,0x3f,0xab,0x00,0xda,0x0d,0xf7,0x39,0xf3,0x0c,0xee,0xec,0x40,0x02,0x00,0x00,0x00,0x00,0x2d,0x30,0x00,0x00,0x01,
    0x10,0x00,0x3f,0x40,0x02,0xf4,0x3f,0x40,0x02,0xf4,0x3f,0x40,0x02,0xf4,0x3f,0x40,0x02,0xf4,0x3f,0x40,0x02,0xf4,0x2f,0x50,
    0x03,0xf4,0x0c,0xc4,0x3c,0xd0,0x02,0xae,0xeb,0x20,0x00,0x02,0xd3,0x00,0x00,0x01,0x10,0x00,0x3f,0x40,0x02,0xf4,0x3f,0x40,
    0x02,0xf4,0x3f,0x40,0x02,0xf4,0x3f,0x40,0x02,0xf4,0x3f,0x40,0x02,0xf4,0x2f,0x50,0x03,0xf4,0x0c,0xc4,0x3c,0xd0,0x02,0xae,
    0xeb,0x20,0x00,0x06,0x60,0x00,0x00,0x8b,0xa9,0x00,0x00,0x00,0x00,0x00,0x3f,0x40,0x02,0xf4,0x3f,0x40,0x02,0xf4,0x3f,0x40,
    0x02,0xf4,0x3f,0x40,0x02,0xf4,0x3f,0x40,0x02,0xf4,0x2f,0x50,0x03,0xf4,0x0c,0xc4,0x3c,0xd0,0x02,0xae,0xeb,0x20,0x00,0xa7,
    0x5c,0x00,0x00,0x10,0x01,0x00,0x3f,0x40,0x02,0xf4,0x3f,0x40,0x02,0xf4,0x3f,0x40,0x02,0xf4,0x3f,0x40,0x02,0xf4,0x3f,0x40,
    0x02,0xf4,0x2f,0x50,0x03,0xf4,0x0c,0xc4,0x3c,0xd0,0x02,0xae,0xeb,0x20,0x00,0x03,0xd2,0x00,0x00,0x01,0x10,0x00,0x7f,0x30,
    0x06,0xf4,0x0c,0xc0,0x0d,0xa0,0x04,0xf5,0x7f,0x20,0x00,0xad,0xe8,0x00,0x00,0x1e,0xd1,0x00,0x00,0x0c,0xa0,0x00,0x00,0x0c,
    0xa0,0x00,0x00,0x0c,0xa0,0x00,0x4f,0x30,0x00,0x00,0x4f,0x30,0x00,0x00,0x4f,0xff,0xd7,0x00,0x4f,0x53,0x6f,0x40,0x4f,0x30,
    0x3f,0x40,0x4f,0xff,0xf9,0x00,0x4f,0x52,0x10,0x00,0x4f,0x30,0x00,0x00,0x05,0xde,0xc4,0x00,0x1f,0x93,0xae,0x00,0x3f,0x30,
    0x8d,0x00,0x3f,0x3d,0xf6,0x00,0x3f,0x32,0x6f,0x50,0x3f,0x30,0x0d,0x80,0x3f,0x32,0x5f,0x60,0x3f,0x3d,0xe9,0x00,0x02,0xd3,
    0x00,0x00,0x11,0x00,0x08,0xee,0xa1,0x3b,0x54,0xe7,0x02,0x68,0xe9,0x5e,0x74,0xd9,0x8d,0x35,0xf9,0x2c,0xea,0xc9,0x00,0x1d,
    0x40,0x00,0x12,0x00,0x08,0xee,0xa1,0x3b,0x54,0xe7,0x02,0x68,0xe9,0x5e,0x74,0xd9,0x8d,0x35,0xf9,0x2c,0xea,0xc9,0x00,0x57,
    0x00,0x07,0xb9,0xa0,0x00,0x00,0x00,0x08,0xee,0xa1,0x3b,0x54,0xe7,0x02,0x68,0xe9,0x5e,0x74,0xd9,0x8d,0x35,0xf9,0x2c,0xea,
    0xc9,0x04,0xc4,0xb0,0x08,0x4b,0x70,0x00,0x00,0x00,0x08,0xee,0xa1,0x3b,0x54,0xe7,0x02,0x68,0xe9,0x5e,0x74,0xd9,0x8d,0x35,
    0xf9,0x2c,0xea,0xc9,0x09,0x75,0xc0,0x01,0x00,0x10,0x08,0xee,0xa1,0x3b,0x54,0xe7,0x02,0x68,0xe9,0x5e,0x74,0xd9,0x8d,0x35,
    0xf9,0x2c,0xea,0xc9,0x01,0xbd,0x20,0x04,0xa8,0x70,0x01,0xef,0x30,0x08,0xef,0xa1,0x3b,0x54,0xe7,0x02,0x68,0xe9,0x5e,0x74,
    0xd9,0x8d,0x35,0xf9,0x2c,0xea,0xc9,0x09,0xee,0x89,0xee,0x70,0x28,0x43,0xeb,0x35,0xe5,0x1a,0xdf,0xff,0xff,0xf8,0x7e,0x52,
    0xd8,0x22,0x21,0x8e,0x36,0xfd,0x45,0xd4,0x1c,0xfc,0x49,0xee,0x80,0x05,0xde,0xb2,0x3f,0x83,0xcb,0x7e,0x00,0x10,0x7f,0x00,
    0x10,0x3f,0x83,0xbb,0x05,0xdf,0xb2,0x00,0x05,0x70,0x00,0x3a,0x50,0x01,0xc5,0x00,0x00,0x00,0x12,0x00,0x00,0x05,0xdf,0xb2,
    0x00,0x3f,0x53,0xac,0x00,0x7f,0xff,0xff,0x00,0x7e,0x22,0x22,0x00,0x3f,0x83,0xa9,0x00,0x05,0xdf,0xc3,0x00,0x00,0x0c,0x60,
    0x00,0x00,0x02,0x00,0x00,0x05,0xdf,0xb2,0x00,0x3f,0x53,0xac,0x00,0x7f,0xff,0xff,0x00,0x7e,0x22,0x22,0x00,0x3f,0x83,0xa9,
    0x00,0x05,0xdf,0xc3,0x00,0x00,0x47,0x10,0x00,0x05,0xd7,0xb1,0x00,0x00,0x00,0x00,0x00,0x05,0xdf,0xb2,0x00,0x3f,0x53,0xac,
    0x00,0x7f,0xff,0xff,0x00,0x7e,0x22,0x22,0x00,0x3f,0x83,0xa9,0x00,0x05,0xdf,0xc3,0x00,0x07,0xa2,0xe1,0x00,0x00,0x10,0x10,
    0x00,0x05,0xdf,0xb2,0x00,0x3f,0x53,0xac,0x00,0x7f,0xff,0xff,0x00,0x7e,0x22,0x22,0x00,0x3f,0x83,0xa9,0x00,0x05,0xdf,0xc3,
    0x00,0x0a,0x80,0x00,0x20,0x04,0xf2,0x04,0xf2,0x04,0xf2,0x04,0xf2,0x04,0xf2,0x04,0xf2,0x0a,0x80,0x02,0x00,0x4f,0x20,0x4f,
    0x20,0x4f,0x20,0x4f,0x20,0x4f,0x20,0x4f,0x20,0x03,0x82,0x00,0x3d,0x7d,0x20,0x00,0x00,0x00,0x04,0xf2,0x00,0x04,0xf2,0x00,
    0x04,0xf2,0x00,0x04,0xf2,0x00,0x04,0xf2,0x00,0x04,0xf2,0x00,0x5c,0x1d,0x30,0x01,0x01,0x00,0x04,0xf2,0x00,0x04,0xf2,0x00,
    0x04,0xf2,0x00,0x04,0xf2,0x00,0x04,0xf2,0x00,0x04,0xf2,0x00,0x04,0x81,0x60,0x00,0x01,0xcf,0x80,0x00,0x05,0x66,0xe1,0x00,
    0x06,0xed,0xc8,0x00,0x3f,0x73,0xcd,0x00,0x7e,0x00,0x5f,0x00,0x7e,0x00,0x5e,0x00,0x3f,0x73,0xca,0x00,0x06,0xde,0xa1,0x00,
    0x01,0xc6,0xb1,0x00,0x05,0x78,0xa0,0x00,0x00,0x00,0x00,0x00,0x4f,0x7e,0xd4,0x00,0x4f,0x93,0xbd,0x00,0x4f,0x20,0x6f,0x00,
    0x4f,0x20,0x6f,0x00,0x4f,0x20,0x6f,0x00,0x4f,0x20,0x6f,0x00,0x00,0xb7,0x00,0x00,0x00,0x12,0x00,0x00,0x05,0xdf,0xb2,0x00,
    0x3f,0x83,0xcd,0x00,0x7f,0x00,0x4f,0x20,0x7f,0x00,0x4f,0x20,0x3f,0x83,0xcd,0x00,0x05,0xdf,0xb2,0x00,0x00,0x0b,0x70,0x00,
    0x00,0x02,0x00,0x00,0x05,0xdf,0xb2,0x00,0x3f,0x83,0xcd,0x00,0x7f,0x00,0x4f,0x20,0x7f,0x00,0x4f,0x20,0x3f,0x83,0xcd,0x00,
    0x05,0xdf,0xb2,0x00,0x00,0x47,0x10,0x00,0x04,0xd7,0xc1,0x00,0x00,0x00,0x00,0x00,0x05,0xdf,0xb2,0x00,0x3f,0x83,0xcd,0x00,
    0x7f,0x00,0x4f,0x20,0x7f,0x00,0x4f,0x20,0x3f,0x83,0xcd,0x00,0x05,0xdf,0xb2,0x00,0x02,0xc6,0xb1,0x00,0x05,0x68,0xa0,0x00,
    0x00,0x00,0x00,0x00,0x05,0xdf,0xb2,0x00,0x3f,0x83,0xcd,0x00,0x7f,0x00,0x4f,0x20,0x7f,0x00,0x4f,0x20,0x3f,0x83,0xcd,0x00,
    0x05,0xdf,0xb2,0x00,0x06,0xb2,0xe2,0x00,0x00,0x10,0x10,0x00,0x05,0xdf,0xb2,0x00,0x3f,0x83,0xcd,0x00,0x7f,0x00,0x4f,0x20,
    0x7f,0x00,0x4f,0x20,0x3f,0x83,0xcd,0x00,0x05,0xdf,0xb2,0x00,0x00,0x1e,0x50,0x00,0x00,0x01,0x00,0x00,0x0e,0xff,0xff,0x50,
    0x02,0x22,0x22,0x10,0x00,0x01,0x00,0x00,0x00,0x1e,0x50,0x00,0x00,0x00,0x01,0x00,0x05,0xdf,0xde,0x10,0x3f,0x84,0xff,0x00,
    0x7f,0x0a,0x9f,0x20,0x7f,0x96,0x4f,0x20,0x3f,0xf3,0xcd,0x00,0x4f,0xdf,0xb2,0x00,0x00,0x00,0x00,0x00,0x00,0xb7,0x00,0x00,
    0x00,0x02,0x00,0x00,0x4f,0x20,0x6f,0x00,0x4f,0x20,0x6f,0x00,0x4f,0x20,0x6f,0x00,0x4f,0x20,0x6f,0x00,0x2f,0x83,0xcf,0x00,
    0x08,0xed,0x8f,0x00,0x00,0x0b,0x70,0x00,0x00,0x02,0x00,0x00,0x4f,0x20,0x6f,0x00,0x4f,0x20,0x6f,0x00,0x4f,0x20,0x6f,0x00,
    0x4f,0x20,0x6f,0x00,0x2f,0x83,0xcf,0x00,0x08,0xed,0x8f,0x00,0x00,0x37,0x10,0x00,0x04,0xd7,0xc1,0x00,0x00,0x00,0x00,0x00,
    0x4f,0x20,0x6f,0x00,0x4f,0x20,0x6f,0x00,0x4f,0x20,0x6f,0x00,0x4f,0x20,0x6f,0x00,0x2f,0x83,0xcf,0x00,0x08,0xed,0x8f,0x00,
    0x06,0xb1,0xe2,0x00,0x00,0x10,0x10,0x00,0x4f,0x20,0x6f,0x00,0x4f,0x20,0x6f,0x00,0x4f,0x20,0x6f,0x00,0x4f,0x20,0x6f,0x00,
    0x2f,0x83,0xcf,0x00,0x08,0xed,0x8f,0x00,0x00,0x0c,0x50,0x00,0x00,0x12,0x00,0x00,0x9d,0x00,0x6f,0x10,0x3f,0x30,0xba,0x00,
    0x0c,0x82,0xf4,0x00,0x07,0xd7,0xd0,0x00,0x01,0xfd,0x70,0x00,0x00,0xaf,0x20,0x00,0x02,0xba,0x00,0x00,0x2f,0xc2,0x00,0x00,
    0x4f,0x20,0x00,0x00,0x4f,0x20,0x00,0x00,0x4f,0x7e,0xd5,0x00,0x4f,0xa3,0x9f,0x20,0x4f,0x30,0x2f,0x50,0x4f,0x30,0x2f,0x50,
    0x4f,0xa3,0x9f,0x20,0x4f,0x8e,0xd5,0x00,0x4f,0x20,0x00,0x00,0x4f,0x20,0x00,0x00,0x07,0x93,0xd1,0x00,0x00,0x10,0x10,0x00,
    0x9d,0x00,0x6f,0x10,0x3f,0x30,0xba,0x00,0x0c,0x82,0xf4,0x00,0x07,0xd7,0xd0,0x00,0x01,0xfd,0x70,0x00,0x00,0xaf,0x20,0x00,
    0x02,0xba,0x00,0x00,0x2f,0xc2,0x00,0x00,0xff,0xff,0xf7,0x22,0x22,0x21,0x00,0x00,0x00,0x00,0x00,0x00,0xff,0xff,0xff,0xff,
    0xff,0xf0,0x22,0x22,0x22,0x22,0x22,0x20,0x00,0x00,0x00,0x00,0x00,0x00,0x00,0x00,0x00,0x00,0x00,0x00,0x05,0xb0,0x0a,0x80,
    0x0e,0x60,0x00,0x00,0x00,0x00,0x00,0x00,0x00,0x00,0x00,0x00,0x0b,0xa0,0x0d,0x50,0x1e,0x10,0x00,0x00,0x00,0x00,0x00,0x00,
    0x00,0x00,0x00,0x00,0x05,0xb1,0xe1,0x0a,0x85,0xe0,0x0e,0x69,0xb0,0x00,0x00,0x00,0x00,0x00,0x00,0x00,0x00,0x00,0x00,0x00,
    0x00,0x00,0x00,0x00,0x0b,0xa7,0xe0,0x0d,0x59,0x90,0x1e,0x1b,0x40,0x00,0x00,0x00,0x00,0x00,0x00,0x00,0x00,0x00,0x00,0x00,
    0x00,0x00,0x00,0x00,0x06,0xec,0x10,0x0d,0xff,0x60,0x06,0xec,0x10,0x00,0x00,0x00,0x01,0x00,0x01,0x00,0x10,0x00,0x0d,0x60,
    0x6d,0x00,0xd7,0x00,
};
static const pod_glyph_t pod_font_status_g[199] = {
    {0x0020,0,0,0,0,0,44},
    {0x0021,0,4,8,0,3,56},
    {0x0022,16,6,8,0,3,92},
    {0x0023,40,7,8,0,3,113},
    {0x0024,72,7,10,0,2,114},
    {0x0025,112,11,8,0,3,177},
    {0x0026,160,8,8,0,3,116},
    {0x0027,192,4,8,0,3,57},
    {0x0028,208,4,10,0,2,66},
    {0x0029,228,4,10,0,2,66},
    {0x002a,248,6,8,0,3,95},
    {0x002b,272,7,6,0,5,118},
    {0x002c,296,4,3,0,10,56},
    {0x002d,302,5,4,0,7,82},
    {0x002e,314,4,2,0,9,56},
    {0x002f,318,4,10,0,2,67},
    {0x0030,338,7,8,0,3,116},
    {0x0031,370,5,8,0,3,74},
    {0x0032,394,7,8,0,3,110},
    {0x0033,426,7,8,0,3,112},
    {0x0034,458,7,8,0,3,117},
    {0x0035,490,7,8,0,3,108},
    {0x0036,522,7,8,0,3,112},
    {0x0037,554,6,8,0,3,102},
    {0x0038,578,7,8,0,3,113},
    {0x0039,610,7,8,0,3,112},
    {0x003a,642,4,6,0,5,56},
    {0x003b,654,4,8,0,5,58},
    {0x003c,670,7,7,0,4,118},
    {0x003d,698,7,5,0,6,118},
    {0x003e,718,7,7,0,4,118},
    {0x003f,746,6,8,0,3,96},
    {0x0040,770,11,10,0,3,176},
    {0x0041,830,8,8,0,3,128},
    {0x0042,862,7,8,0,3,116},
    {0x0043,894,8,8,0,3,130},
    {0x0044,926,8,8,0,3,127},
    {0x0045,958,7,8,0,3,106},
    {0x0046,990,6,8,0,3,104},
    {0x0047,1014,8,8,0,3,132},
    {0x0048,1046,8,8,0,3,131},
    {0x0049,1078,3,8,0,3,49},
    {0x004a,1094,6,8,0,3,102},
    {0x004b,1118,8,8,0,3,124},
    {0x004c,1150,6,8,0,3,100},
    {0x004d,1174,10,8,0,3,162},
    {0x004e,1214,8,8,0,3,134},
    {0x004f,1246,8,8,0,3,135},
    {0x0050,1278,7,8,0,3,114},
    {0x0051,1310,9,9,0,3,136},
    {0x0052,1355,7,8,0,3,115},
    {0x0053,1387,7,8,0,3,114},
    {0x0054,1419,7,8,0,3,116},
    {0x0055,1451,8,8,0,3,130},
    {0x0056,1483,8,8,0,3,128},
    {0x0057,1515,11,8,0,3,180},
    {0x0058,1563,8,8,0,3,127},
    {0x0059,1595,8,8,0,3,126},
    {0x005a,1627,7,8,0,3,115},
    {0x005b,1659,4,11,0,2,66},
    {0x005c,1681,4,10,0,2,67},
    {0x005d,1701,4,11,0,2,66},
    {0x005e,1723,5,8,0,3,85},
    {0x005f,1747,6,2,0,11,82},
    {0x0060,1753,4,8,0,3,62},
    {0x0061,1769,6,6,0,5,101},
    {0x0062,1787,7,8,0,3,110},
    {0x0063,1819,6,6,0,5,102},
    {0x0064,1837,7,8,0,3,110},
    {0x0065,1869,7,6,0,5,104},
    {0x0066,1893,5,8,0,3,68},
    {0x0067,1917,7,8,0,5,110},
    {0x0068,1949,7,8,0,3,108},
    {0x0069,1981,3,8,0,3,46},
    {0x006a,1997,4,10,-1,3,46},
    {0x006b,2017,7,8,0,3,100},
    {0x006c,2049,3,8,0,3,46},
    {0x006d,2065,10,6,0,5,158},
    {0x006e,2095,7,6,0,5,108},
    {0x006f,2119,7,6,0,5,107},
    {0x0070,2143,7,8,0,5,110},
    {0x0071,2175,7,8,0,5,110},
    {0x0072,2207,5,7,0,4,70},
    {0x0073,2228,6,6,0,5,97},
    {0x0074,2246,4,8,0,3,62},
    {0x0075,2262,7,6,0,5,108},
    {0x0076,2286,7,6,0,5,103},
    {0x0077,2310,9,6,0,5,148},
    {0x0078,2340,6,6,0,5,100},
    {0x0079,2358,7,8,0,5,104},
    {0x007a,2390,6,6,0,5,100},
    {0x007b,2408,5,11,0,3,80},
    {0x007c,2441,4,13,0,1,63},
    {0x007d,2467,5,11,0,3,80},
    {0x007e,2500,7,4,0,7,118},
    {0x00a0,2516,0,0,0,0,44},
    {0x00a1,2516,4,7,0,5,56},
    {0x00a2,2530,6,8,0,3,102},
    {0x00a3,2554,7,8,0,3,111},
    {0x00a4,2586,8,9,0,3,132},
    {0x00a5,2622,7,8,0,3,99},
    {0x00a6,2654,3,10,0,3,56},
    {0x00a7,2674,6,11,0,3,100},
    {0x00a8,2707,7,8,0,3,108},
    {0x00a9,2739,10,9,0,3,161},
    {0x00aa,2784,5,9,0,2,81},
    {0x00ab,2811,7,6,0,5,112},
    {0x00ac,2835,7,4,0,7,118},
    {0x00ad,2851,0,0,0,0,0},
    {0x00ae,2851,7,8,0,3,117},
    {0x00af,2883,5,8,0,3,80},
    {0x00b0,2907,5,8,0,3,80},
    {0x00b1,2931,7,7,0,5,118},
    {0x00b2,2959,5,10,0,1,80},
    {0x00b3,2989,5,10,0,1,82},
    {0x00b4,3019,4,8,0,3,62},
    {0x00b5,3035,7,8,0,5,108},
    {0x00b6,3067,7,8,0,3,106},
    {0x00b7,3099,4,5,0,6,56},
    {0x00b8,3109,4,3,0,10,58},
    {0x00b9,3115,4,10,0,1,57},
    {0x00ba,3135,5,9,0,2,86},
    {0x00bb,3162,7,6,0,5,112},
    {0x00bc,3186,9,8,0,3,146},
    {0x00bd,3226,10,8,0,3,153},
    {0x00be,3266,10,9,0,2,160},
    {0x00bf,3311,6,8,0,5,96},
    {0x00c0,3335,8,10,0,1,128},
    {0x00c1,3375,8,10,0,1,128},
    {0x00c2,3415,8,11,0,0,128},
    {0x00c3,3459,8,11,0,0,128},
    {0x00c4,3503,8,10,0,1,128},
    {0x00c5,3543,8,11,0,0,128},
    {0x00c6,3587,11,8,0,3,178},
    {0x00c7,3635,8,10,0,3,130},
    {0x00c8,3675,7,10,0,1,106},
    {0x00c9,3715,7,10,0,1,106},
    {0x00ca,3755,7,11,0,0,106},
    {0x00cb,3799,7,10,0,1,106},
    {0x00cc,3839,4,10,-1,1,49},
    {0x00cd,3859,4,10,0,1,49},
    {0x00ce,3879,5,11,-1,0,49},
    {0x00cf,3912,5,10,-1,1,49},
    {0x00d0,3942,8,8,0,3,132},
    {0x00d1,3974,8,11,0,0,134},
    {0x00d2,4018,8,10,0,1,135},
    {0x00d3,4058,8,10,0,1,135},
    {0x00d4,4098,8,11,0,0,135},
    {0x00d5,4142,8,11,0,0,135},
    {0x00d6,4186,8,10,0,1,135},
    {0x00d7,4226,7,6,0,5,118},
    {0x00d8,4250,8,10,0,2,135},
    {0x00d9,4290,8,10,0,1,130},
    {0x00da,4330,8,10,0,1,130},
    {0x00db,4370,8,11,0,0,130},
    {0x00dc,4414,8,10,0,1,130},
    {0x00dd,4454,8,10,0,1,126},
    {0x00de,4494,7,8,0,3,116},
    {0x00df,4526,7,8,0,3,113},
    {0x00e0,4558,6,8,0,3,101},
    {0x00e1,4582,6,8,0,3,101},
    {0x00e2,4606,6,9,0,2,101},
    {0x00e3,4633,6,9,0,2,101},
    {0x00e4,4660,6,8,0,3,101},
    {0x00e5,4684,6,9,0,2,101},
    {0x00e6,4711,10,6,0,5,160},
    {0x00e7,4741,6,8,0,5,102},
    {0x00e8,4765,7,8,0,3,104},
    {0x00e9,4797,7,8,0,3,104},
    {0x00ea,4829,7,9,0,2,104},
    {0x00eb,4865,7,8,0,3,104},
    {0x00ec,4897,4,8,-1,3,46},
    {0x00ed,4913,4,8,0,3,46},
    {0x00ee,4929,5,9,-1,2,46},
    {0x00ef,4956,5,8,-1,3,46},
    {0x00f0,4980,7,9,0,2,104},
    {0x00f1,5016,7,9,0,2,108},
    {0x00f2,5052,7,8,0,3,107},
    {0x00f3,5084,7,8,0,3,107},
    {0x00f4,5116,7,9,0,2,107},
    {0x00f5,5152,7,9,0,2,107},
    {0x00f6,5188,7,8,0,3,107},
    {0x00f7,5220,7,6,0,5,118},
    {0x00f8,5244,7,8,0,4,107},
    {0x00f9,5276,7,8,0,3,108},
    {0x00fa,5308,7,8,0,3,108},
    {0x00fb,5340,7,9,0,2,108},
    {0x00fc,5376,7,8,0,3,108},
    {0x00fd,5408,7,10,0,3,104},
    {0x00fe,5448,7,10,0,3,110},
    {0x00ff,5488,7,10,0,3,104},
    {0x2013,5528,6,4,0,7,88},
    {0x2014,5540,11,4,0,7,176},
    {0x2018,5564,3,8,0,3,52},
    {0x2019,5580,3,8,0,3,52},
    {0x201c,5596,6,8,0,3,89},
    {0x201d,5620,6,8,0,3,88},
    {0x2022,5644,6,4,0,7,88},
    {0x2026,5656,11,2,0,9,168},
};
const pod_font_t pod_font_status = { pod_font_status_g, pod_font_status_bm, 199, 11, 14 };

static const uint8_t pod_font_small_bm[4976] = {
    0x1f,0x10,0x1f,0x10,0x1f,0x10,0x0f,0x10,0x0f,0x10,0x00,0x00,0x00,0x00,0x1d,0x10,0x0f,0x4e,0x00,0x0e,0x2d,0x00,0x0d,0x1c,
    0x00,0x00,0x00,0x00,0x00,0x00,0x00,0x00,0x00,0x00,0x00,0x00,0x00,0x00,0x00,0x00,0x00,0xd0,0x76,0x00,0x02,0xb0,0x94,0x00,
    0x5f,0xff,0xff,0x20,0x07,0x60,0xd0,0x00,0x09,0x40,0xc0,0x00,0xbf,0xff,0xfb,0x00,0x0d,0x05,0x80,0x00,0x1c,0x07,0x60,0x00,
    0x00,0x18,0x00,0x06,0xdf,0xc2,0x2e,0x49,0x9b,0x3e,0x18,0x02,0x0b,0xeb,0x30,0x00,0x4d,0xe7,0x22,0x18,0x4d,0x5d,0x39,0x8c,
    0x08,0xef,0xc3,0x00,0x18,0x00,0x07,0xe7,0x00,0x59,0x00,0x0d,0x1d,0x01,0xc1,0x00,0x0d,0x2d,0x09,0x50,0x00,0x07,0xe7,0x3a,
    0x00,0x00,0x00,0x00,0xb2,0x8e,0x60,0x00,0x07,0x70,0xd1,0xc0,0x00,0x2b,0x00,0xd2,0xc0,0x00,0xa3,0x00,0x8e,0x60,0x05,0xed,
    0x30,0x00,0x0d,0x46,0xa0,0x00,0x0a,0x6b,0x60,0x00,0x06,0xf8,0x00,0x00,0x2e,0x7d,0x1e,0x00,0x79,0x09,0xdc,0x00,0x6c,0x13,
    0xf8,0x00,0x09,0xed,0x8e,0x20,0x0f,0x10,0x0e,0x10,0x0d,0x00,0x00,0x00,0x00,0x00,0x00,0x00,0x00,0x00,0x00,0x00,0x01,0xe1,
    0x06,0xb0,0x0a,0x70,0x0d,0x40,0x0e,0x20,0x0f,0x10,0x0e,0x30,0x0b,0x60,0x06,0xa0,0x01,0xe1,0x6a,0x00,0x1e,0x10,0x0c,0x50,
    0x08,0x80,0x07,0xa0,0x06,0xa0,0x08,0x90,0x0b,0x60,0x1e,0x20,0x6a,0x00,0x01,0xb0,0x10,0x2b,0xdb,0x40,0x2a,0xdb,0x30,0x02,
    0xb1,0x10,0x00,0x00,0x00,0x00,0x00,0x00,0x00,0x00,0x00,0x00,0x00,0x00,0x00,0x2c,0x00,0x00,0x00,0x2c,0x00,0x00,0x1f,0xff,
    0xfb,0x00,0x00,0x2c,0x00,0x00,0x00,0x2c,0x00,0x00,0x00,0x00,0x00,0x00,0x1f,0x10,0x3c,0x00,0x58,0x00,0x4f,0xfe,0x00,0x00,
    0x00,0x00,0x00,0x00,0x00,0x00,0x00,0x00,0x1d,0x10,0x00,0x43,0x00,0xb4,0x00,0xe0,0x03,0xb0,0x07,0x80,0x0a,0x40,0x0e,0x10,
    0x3c,0x00,0x68,0x00,0xa4,0x00,0x04,0xde,0x90,0x0e,0x51,0xc6,0x4d,0x00,0x6b,0x6a,0x00,0x4d,0x6a,0x00,0x4d,0x4d,0x00,0x6b,
    0x0e,0x51,0xc6,0x04,0xde,0x90,0x08,0xf5,0x7b,0xc5,0x30,0xc5,0x00,0xc5,0x00,0xc5,0x00,0xc5,0x00,0xc5,0x00,0xc5,0x05,0xee,
    0x70,0x2e,0x22,0xd3,0x25,0x00,0xb5,0x00,0x03,0xe1,0x00,0x1d,0x60,0x01,0xc9,0x00,0x0a,0xa0,0x00,0x4f,0xff,0xf7,0x06,0xde,
    0x90,0x2d,0x21,0xc6,0x00,0x01,0xc4,0x00,0x9f,0xa0,0x00,0x01,0xc7,0x23,0x00,0x7a,0x4e,0x21,0xb7,0x06,0xee,0x90,0x00,0x09,
    0xf1,0x00,0x00,0x3d,0xf1,0x00,0x00,0xc4,0xf1,0x00,0x07,0xa0,0xf1,0x00,0x2e,0x20,0xf1,0x00,0x6f,0xee,0xfe,0x00,0x11,0x11,
    0xf2,0x00,0x00,0x00,0xf1,0x00,0x0e,0xff,0xf2,0x1f,0x00,0x00,0x2d,0x00,0x00,0x4e,0xce,0x70,0x15,0x13,0xe4,0x01,0x00,0xa7,
    0x4d,0x12,0xd4,0x08,0xee,0x60,0x03,0xce,0x90,0x0d,0x51,0xc6,0x4d,0x00,0x22,0x6b,0xae,0xa0,0x7f,0x41,0xb8,0x5c,0x00,0x6b,
    0x1e,0x41,0xb8,0x04,0xde,0xa1,0x8f,0xff,0xf4,0x00,0x02,0xe1,0x00,0x09,0x90,0x00,0x1e,0x20,0x00,0x7b,0x00,0x00,0xe4,0x00,
    0x06,0xc0,0x00,0x0d,0x50,0x00,0x06,0xde,0x90,0x2f,0x21,0xc6,0x1e,0x31,0xc4,0x06,0xff,0xb0,0x2e,0x31,0xc6,0x6b,0x00,0x7b,
    0x4e,0x21,0xb8,0x06,0xee,0xa1,0x06,0xee,0x80,0x3e,0x32,0xc5,0x6a,0x00,0x89,0x4e,0x32,0xdb,0x07,0xed,0x8a,0x13,0x00,0x88,
    0x2f,0x22,0xe3,0x06,0xee,0x60,0x1d,0x10,0x00,0x00,0x00,0x00,0x00,0x00,0x1d,0x10,0x0c,0x30,0x00,0x00,0x00,0x00,0x1f,0x10,
    0x3c,0x00,0x58,0x00,0x00,0x00,0x14,0x00,0x00,0x28,0xe6,0x00,0x19,0xd7,0x10,0x00,0x1d,0xa3,0x00,0x00,0x00,0x5c,0xb3,0x00,
    0x00,0x00,0x56,0x00,0x0e,0xff,0xf9,0x00,0x00,0x00,0x00,0x00,0x0e,0xff,0xf9,0x00,0x00,0x00,0x00,0x00,0x05,0x00,0x00,0x00,
    0x0a,0xd6,0x00,0x00,0x00,0x3a,0xd6,0x00,0x00,0x05,0xd9,0x00,0x06,0xda,0x30,0x00,0x08,0x20,0x00,0x00,0x0a,0xfc,0x10,0x7b,
    0x09,0xa0,0x22,0x06,0xb0,0x00,0x2d,0x60,0x00,0xd8,0x00,0x01,0xe0,0x00,0x00,0x10,0x00,0x02,0xc0,0x00,0x00,0x4b,0xee,0xb3,
    0x00,0x05,0xd5,0x00,0x4d,0x40,0x0e,0x25,0xeb,0xd3,0xc0,0x4b,0x1d,0x24,0xe0,0xc2,0x68,0x49,0x00,0xd0,0xa4,0x68,0x3a,0x00,
    0xd0,0xa3,0x4b,0x1d,0x15,0xf1,0xd1,0x1e,0x36,0xea,0x8e,0x80,0x06,0xd4,0x00,0x20,0x00,0x00,0x5b,0xee,0xc2,0x00,0x00,0x5f,
    0x50,0x00,0x00,0xab,0xa0,0x00,0x00,0xe4,0xf1,0x00,0x04,0xd0,0xc5,0x00,0x09,0x90,0x8a,0x00,0x0e,0xff,0xff,0x10,0x4e,0x00,
    0x0d,0x50,0x99,0x00,0x08,0xa0,0x3f,0xff,0xc3,0x00,0x3e,0x00,0x8a,0x00,0x3e,0x00,0x99,0x00,0x3f,0xff,0xd2,0x00,0x3e,0x00,
    0x7c,0x00,0x3e,0x00,0x1f,0x00,0x3e,0x00,0x6e,0x00,0x3f,0xff,0xd4,0x00,0x01,0xae,0xe7,0x00,0x0c,0x91,0x2c,0x70,0x4d,0x00,
    0x03,0x70,0x6a,0x00,0x00,0x00,0x6a,0x00,0x00,0x00,0x4d,0x00,0x03,0x60,0x0c,0x81,0x2c,0x70,0x01,0xae,0xe7,0x00,0x3f,0xfe,
    0xb3,0x00,0x3e,0x01,0x6e,0x10,0x3e,0x00,0x0a,0x70,0x3e,0x00,0x07,0x90,0x3e,0x00,0x07,0x90,0x3e,0x00,0x0a,0x70,0x3e,0x01,
    0x6e,0x10,0x3f,0xfe,0xb3,0x00,0x3f,0xff,0xf6,0x3e,0x00,0x00,0x3e,0x00,0x00,0x3e,0x00,0x00,0x3f,0xff,0xf2,0x3e,0x00,0x00,
    0x3e,0x00,0x00,0x3f,0xff,0xf6,0x3f,0xff,0xf5,0x3e,0x00,0x00,0x3e,0x00,0x00,0x3e,0x00,0x00,0x3f,0xff,0xf0,0x3e,0x00,0x00,
    0x3e,0x00,0x00,0x3e,0x00,0x00,0x01,0xae,0xd7,0x00,0x0c,0x91,0x2d,0x60,0x3d,0x00,0x04,0x70,0x6a,0x00,0x00,0x00,0x6a,0x00,
    0xef,0xd0,0x4d,0x00,0x04,0xc0,0x0c,0x81,0x2c,0x70,0x01,0xae,0xe8,0x00,0x3e,0x00,0x07,0xa0,0x3e,0x00,0x07,0xa0,0x3e,0x00,
    0x07,0xa0,0x3f,0xff,0xff,0xa0,0x3e,0x00,0x07,0xa0,0x3e,0x00,0x07,0xa0,0x3e,0x00,0x07,0xa0,0x3e,0x00,0x07,0xa0,0x3e,0x00,
    0x3e,0x00,0x3e,0x00,0x3e,0x00,0x3e,0x00,0x3e,0x00,0x3e,0x00,0x3e,0x00,0x00,0x02,0xe0,0x00,0x02,0xe0,0x00,0x02,0xe0,0x00,
    0x02,0xe0,0x00,0x02,0xe0,0x67,0x02,0xe0,0x6c,0x16,0xc0,0x0a,0xec,0x30,0x3e,0x00,0x4e,0x30,0x3e,0x02,0xe5,0x00,0x3e,0x1c,
    0x80,0x00,0x3e,0x9d,0x00,0x00,0x3f,0xce,0x50,0x00,0x3e,0x15,0xe1,0x00,0x3e,0x00,0xaa,0x00,0x3e,0x00,0x2e,0x40,0x3e,0x00,
    0x00,0x3e,0x00,0x00,0x3e,0x00,0x00,0x3e,0x00,0x00,0x3e,0x00,0x00,0x3e,0x00,0x00,0x3e,0x00,0x00,0x3f,0xff,0xf3,0x3f,0x90,
    0x00,0x8f,0x50,0x3e,0xe0,0x00,0xde,0x50,0x3d,0xc5,0x03,0xec,0x50,0x3d,0x8a,0x08,0x9c,0x50,0x3d,0x2e,0x1d,0x4c,0x50,0x3d,
    0x0c,0x6e,0x0c,0x50,0x3d,0x07,0xd9,0x0c,0x50,0x3d,0x01,0xf3,0x0c,0x50,0x3f,0x60,0x06,0xc0,0x3e,0xe1,0x06,0xc0,0x3d,0xb8,
    0x06,0xc0,0x3e,0x3e,0x26,0xc0,0x3e,0x09,0xa6,0xc0,0x3e,0x01,0xe8,0xc0,0x3e,0x00,0x6e,0xc0,0x3e,0x00,0x0c,0xc0,0x01,0xae,
    0xd7,0x00,0x0c,0x91,0x2c,0x70,0x4d,0x00,0x04,0xd0,0x6a,0x00,0x00,0xf1,0x6a,0x00,0x00,0xf1,0x4d,0x00,0x04,0xd0,0x0c,0x81,
    0x2c,0x70,0x01,0xae,0xe7,0x00,0x3f,0xff,0xc2,0x3e,0x00,0x8b,0x3e,0x00,0x3e,0x3e,0x00,0x9b,0x3f,0xfe,0xc2,0x3e,0x00,0x00,
    0x3e,0x00,0x00,0x3e,0x00,0x00,0x01,0xae,0xd7,0x00,0x0c,0xa2,0x3d,0x70,0x4e,0x00,0x04,0xd0,0x6a,0x00,0x00,0xf1,0x6a,0x00,
    0x01,0xf1,0x4e,0x03,0x74,0xe0,0x0c,0x92,0xce,0x70,0x01,0xae,0xde,0x20,0x00,0x00,0x03,0x50,0x3f,0xff,0xc2,0x00,0x3e,0x00,
    0x8b,0x00,0x3e,0x00,0x3e,0x00,0x3e,0x00,0x8b,0x00,0x3f,0xff,0xd3,0x00,0x3e,0x04,0xe1,0x00,0x3e,0x00,0xc7,0x00,0x3e,0x00,
    0x5e,0x10,0x05,0xde,0xb2,0x2e,0x30,0x8a,0x3e,0x10,0x01,0x0b,0xe9,0x40,0x00,0x49,0xe7,0x12,0x00,0x4d,0x4d,0x20,0x8c,0x07,
    0xde,0xb2,0x8f,0xff,0xff,0x10,0x00,0x4c,0x00,0x00,0x00,0x4c,0x00,0x00,0x00,0x4c,0x00,0x00,0x00,0x4c,0x00,0x00,0x00,0x4c,
    0x00,0x00,0x00,0x4c,0x00,0x00,0x00,0x4c,0x00,0x00,0x3e,0x00,0x08,0x90,0x3e,0x00,0x08,0x90,0x3e,0x00,0x08,0x90,0x3e,0x00,
    0x08,0x90,0x3e,0x00,0x08,0x90,0x2f,0x00,0x09,0x80,0x0d,0x70,0x3e,0x40,0x02,0xbe,0xd6,0x00,0x99,0x00,0x08,0xa0,0x4e,0x00,
    0x0c,0x50,0x0e,0x40,0x2f,0x10,0x09,0x80,0x7b,0x00,0x04,0xd0,0xb6,0x00,0x00,0xe3,0xe1,0x00,0x00,0x9b,0xb0,0x00,0x00,0x4f,
    0x60,0x00,0x98,0x00,0xbb,0x00,0x8a,0x6b,0x00,0xee,0x00,0xb6,0x2f,0x03,0xcc,0x30,0xe2,0x0d,0x36,0x99,0x63,0xe0,0x0a,0x7a,
    0x65,0xa6,0xa0,0x06,0xad,0x22,0xda,0x60,0x02,0xdd,0x00,0xdd,0x20,0x00,0xea,0x00,0x9e,0x00,0x4e,0x10,0x1e,0x40,0x0a,0xa0,
    0x9a,0x00,0x01,0xe6,0xe1,0x00,0x00,0x6f,0x60,0x00,0x00,0x7f,0x80,0x00,0x02,0xe4,0xe3,0x00,0x0b,0x70,0x8c,0x00,0x6d,0x00,
    0x0d,0x60,0x7c,0x00,0x0c,0x70,0x1d,0x50,0x6d,0x00,0x06,0xd0,0xd5,0x00,0x00,0xca,0xc0,0x00,0x00,0x4f,0x40,0x00,0x00,0x1f,
    0x10,0x00,0x00,0x1f,0x10,0x00,0x00,0x1f,0x10,0x00,0x6f,0xff,0xfc,0x00,0x00,0xc5,0x00,0x07,0xb0,0x00,0x2e,0x20,0x00,0xb8,
    0x00,0x05,0xd1,0x00,0x1d,0x40,0x00,0x6f,0xff,0xfc,0x0e,0xf2,0x0f,0x10,0x0f,0x10,0x0f,0x10,0x0f,0x10,0x0f,0x10,0x0f,0x10,
    0x0f,0x10,0x0f,0x10,0x0e,0xf2,0x62,0x00,0x86,0x00,0x5a,0x00,0x1d,0x00,0x0c,0x20,0x08,0x60,0x05,0xa0,0x01,0xd0,0x00,0xc2,
    0x00,0x96,0x6f,0xa0,0x06,0xa0,0x06,0xa0,0x06,0xa0,0x06,0xa0,0x06,0xa0,0x06,0xa0,0x06,0xa0,0x06,0xa0,0x6f,0xa0,0x02,0x70,
    0x00,0x09,0xd5,0x00,0x1d,0x3b,0x00,0x68,0x0c,0x30,0x00,0x00,0x00,0x00,0x00,0x00,0x00,0x00,0x00,0x00,0x00,0x00,0xff,0xff,
    0x90,0x0a,0x30,0x00,0x00,0x00,0x00,0x00,0x00,0x00,0x00,0x00,0x00,0x00,0x00,0x00,0x00,0x09,0xed,0x40,0x39,0x15,0xd0,0x03,
    0x7a,0xe0,0x5c,0x64,0xe0,0x89,0x17,0xe0,0x2c,0xe8,0xe0,0x4c,0x00,0x00,0x4c,0x00,0x00,0x4c,0xae,0xa0,0x4f,0x41,0xc7,0x4d,
    0x00,0x7a,0x4d,0x00,0x7a,0x4f,0x41,0xc6,0x4c,0xae,0xa0,0x07,0xee,0x70,0x3e,0x22,0xd2,0x7a,0x00,0x00,0x7a,0x00,0x00,0x3e,
    0x22,0xd2,0x07,0xee,0x70,0x00,0x00,0x97,0x00,0x00,0x97,0x08,0xec,0xa7,0x4e,0x22,0xe7,0x7a,0x00,0xa7,0x7a,0x00,0xa7,0x4e,
    0x22,0xe7,0x08,0xec,0xa7,0x07,0xee,0x70,0x3c,0x11,0xd3,0x7f,0xff,0xf6,0x79,0x00,0x00,0x3e,0x22,0xc2,0x07,0xee,0x80,0x06,
    0xe8,0x0d,0x40,0xdf,0xf6,0x0d,0x30,0x0d,0x30,0x0d,0x30,0x0d,0x30,0x0d,0x30,0x08,0xec,0xa7,0x3e,0x22,0xe7,0x7a,0x00,0xa7,
    0x79,0x00,0xa7,0x4e,0x22,0xe7,0x08,0xec,0xa7,0x16,0x11,0xc5,0x09,0xee,0x80,0x4c,0x00,0x00,0x4c,0x00,0x00,0x4c,0xae,0x90,
    0x4e,0x32,0xe3,0x4c,0x00,0xc4,0x4c,0x00,0xc4,0x4c,0x00,0xc4,0x4c,0x00,0xc4,0x3b,0x00,0x00,0x00,0x4c,0x00,0x4c,0x00,0x4c,
    0x00,0x4c,0x00,0x4c,0x00,0x4c,0x00,0x04,0xa0,0x00,0x00,0x04,0xc0,0x04,0xc0,0x04,0xc0,0x04,0xc0,0x04,0xc0,0x04,0xc0,0x06,
    0xb0,0x3e,0x50,0x4c,0x00,0x00,0x4c,0x00,0x00,0x4c,0x06,0xd1,0x4c,0x4e,0x20,0x4e,0xe5,0x00,0x4e,0xbb,0x00,0x4c,0x1d,0x70,
    0x4c,0x03,0xe2,0x4c,0x00,0x4c,0x00,0x4c,0x00,0x4c,0x00,0x4c,0x00,0x4c,0x00,0x4c,0x00,0x4c,0x00,0x4c,0xbe,0x4a,0xe8,0x00,
    0x4e,0x24,0xf3,0x2f,0x10,0x4c,0x01,0xf0,0x0e,0x20,0x4c,0x01,0xf0,0x0e,0x20,0x4c,0x01,0xf0,0x0e,0x20,0x4c,0x01,0xf0,0x0e,
    0x20,0x4b,0xae,0x90,0x4e,0x32,0xe3,0x4c,0x00,0xc4,0x4c,0x00,0xc4,0x4c,0x00,0xc4,0x4c,0x00,0xc4,0x07,0xee,0x70,0x3e,0x22,
    0xe4,0x7a,0x00,0x98,0x7a,0x00,0x98,0x3e,0x22,0xe4,0x07,0xee,0x70,0x4c,0xae,0xa0,0x4f,0x41,0xc7,0x4d,0x00,0x7a,0x4d,0x00,
    0x7a,0x4f,0x41,0xc6,0x4c,0xae,0xa0,0x4c,0x00,0x00,0x4c,0x00,0x00,0x08,0xec,0xa7,0x4e,0x22,0xe7,0x7a,0x00,0xa7,0x7a,0x00,
    0xa7,0x4e,0x22,0xe7,0x08,0xec,0xa7,0x00,0x00,0x97,0x00,0x00,0x97,0x4c,0xba,0x4e,0x30,0x4c,0x00,0x4c,0x00,0x4c,0x00,0x4c,
    0x00,0x09,0xed,0x30,0x5d,0x15,0x60,0x2e,0x94,0x00,0x01,0x6c,0xa0,0x49,0x16,0xd0,0x1b,0xed,0x40,0x17,0x00,0x2f,0x00,0xdf,
    0xf1,0x2f,0x00,0x2f,0x00,0x2f,0x00,0x1f,0x10,0x0a,0xf2,0x4c,0x00,0xc4,0x4c,0x00,0xc4,0x4c,0x00,0xc4,0x4c,0x00,0xc4,0x3e,
    0x23,0xe4,0x09,0xeb,0xb4,0x98,0x00,0xc5,0x4d,0x02,0xe1,0x0e,0x37,0xa0,0x09,0x7b,0x50,0x04,0xce,0x00,0x00,0xd9,0x00,0x98,
    0x08,0xc0,0x4d,0x00,0x5c,0x0b,0xd1,0x79,0x00,0x1e,0x1d,0x94,0xb5,0x00,0x0c,0x7a,0x68,0xe1,0x00,0x07,0xd6,0x2d,0xc0,0x00,
    0x03,0xf2,0x0d,0x80,0x00,0x5d,0x04,0xd0,0x0b,0x7c,0x50,0x02,0xeb,0x00,0x03,0xeb,0x00,0x0c,0x5b,0x60,0x6b,0x03,0xe1,0x98,
    0x00,0xc5,0x4d,0x02,0xe1,0x0d,0x37,0x90,0x08,0x8c,0x40,0x03,0xdd,0x00,0x00,0xd8,0x00,0x01,0xd3,0x00,0x3f,0x80,0x00,0x4f,
    0xff,0xd0,0x00,0x0c,0x60,0x00,0x8b,0x00,0x03,0xe2,0x00,0x0d,0x60,0x00,0x5f,0xff,0xe0,0x00,0xac,0x03,0xd1,0x04,0xc0,0x06,
    0xa0,0x4e,0x30,0x06,0xa0,0x04,0xb0,0x03,0xc0,0x02,0xe1,0x00,0x8c,0x0c,0x30,0x0c,0x30,0x0c,0x30,0x0c,0x30,0x0c,0x30,0x0c,
    0x30,0x0c,0x30,0x0c,0x30,0x0c,0x30,0x0c,0x30,0x0c,0x30,0x0c,0x30,0x0c,0x30,0x6d,0x30,0x08,0x80,0x05,0x90,0x04,0xc0,0x00,
    0xbb,0x03,0xc1,0x05,0x90,0x05,0x90,0x09,0x80,0x6c,0x20,0x0a,0xe6,0x2a,0x00,0x2a,0x1a,0xe6,0x00,0x00,0x00,0x00,0x00,0x00,
    0x00,0x00,0x00,0x1d,0x10,0x00,0x00,0x0f,0x10,0x0f,0x10,0x1f,0x10,0x1f,0x10,0x1f,0x20,0x00,0x54,0x00,0x06,0xee,0x70,0x3e,
    0x76,0xd2,0x7a,0x54,0x00,0x79,0x54,0x00,0x4d,0x65,0xc2,0x08,0xff,0x90,0x00,0x54,0x00,0x01,0xbe,0xa1,0x09,0x91,0xb7,0x0c,
    0x40,0x22,0x0c,0x40,0x00,0x7f,0xff,0x70,0x0b,0x50,0x00,0x1c,0x30,0x47,0x7f,0xff,0xe5,0x00,0x00,0x00,0x00,0x3b,0xae,0xc8,
    0x80,0x0d,0x80,0x4e,0x30,0x1b,0x00,0x07,0x60,0x39,0x00,0x04,0x90,0x2b,0x00,0x07,0x70,0x0d,0x70,0x3e,0x40,0x3a,0xae,0xc7,
    0x70,0x00,0x00,0x00,0x00,0xa8,0x00,0xe3,0x3e,0x05,0xc0,0x0c,0x5b,0x50,0x05,0xcd,0x00,0x5f,0xff,0xd0,0x5f,0xff,0xd0,0x00,
    0xc5,0x00,0x00,0xc5,0x00,0x0e,0x00,0x0e,0x00,0x0e,0x00,0x0e,0x00,0x00,0x00,0x00,0x00,0x0e,0x00,0x0e,0x00,0x0e,0x00,0x0e,
    0x00,0x07,0xed,0x30,0x0e,0x26,0x90,0x0d,0x60,0x00,0x1b,0xea,0x10,0x68,0x19,0xc0,0x3d,0x40,0xd1,0x04,0xdd,0x80,0x00,0x0a,
    0x80,0x1c,0x17,0xa0,0x08,0xed,0x30,0x07,0x66,0x70,0x00,0x00,0x00,0x00,0x00,0x00,0x00,0x00,0x00,0x00,0x00,0x00,0x00,0x00,
    0x00,0x00,0x00,0x00,0x00,0x00,0x00,0x00,0x4c,0xed,0x50,0x00,0x04,0xd4,0x13,0xc6,0x00,0x0d,0x39,0xeb,0x3d,0x10,0x2d,0x6a,
    0x16,0x4b,0x40,0x2d,0x6a,0x16,0x4b,0x40,0x0d,0x39,0xeb,0x2d,0x10,0x04,0xd4,0x13,0xc6,0x00,0x00,0x4c,0xed,0x50,0x00,0x3c,
    0xc8,0x00,0x14,0x5f,0x00,0x88,0x3e,0x00,0x6d,0xae,0x00,0x00,0x00,0x00,0x00,0x00,0x00,0x00,0x00,0x00,0x00,0x00,0x00,0x01,
    0xd5,0xd5,0x0b,0x7a,0x80,0x5d,0x4e,0x00,0x0b,0x7a,0x80,0x01,0xd5,0xd5,0x00,0x00,0x00,0x0d,0xff,0xf4,0x00,0x00,0x00,0xa4,
    0x00,0x00,0x00,0x52,0x00,0x00,0x00,0x00,0x00,0x04,0xce,0xa1,0x00,0x2c,0xa9,0x8a,0x00,0x64,0x94,0x6a,0x10,0x64,0xab,0x3a,
    0x10,0x2c,0x62,0x8a,0x00,0x04,0xce,0xa1,0x00,0x00,0x00,0x00,0x00,0x00,0x00,0x00,0x00,0x1f,0xfa,0x00,0x00,0x00,0x00,0x00,
    0x00,0x00,0x00,0x00,0x00,0x00,0x00,0x00,0x00,0x00,0x00,0x00,0x00,0x00,0x00,0x00,0x00,0x0a,0xe5,0x00,0x4a,0x2c,0x00,0x4a,
    0x2c,0x00,0x0a,0xe5,0x00,0x00,0x00,0x00,0x00,0x00,0x00,0x00,0x00,0x00,0x00,0x00,0x00,0x00,0x2c,0x00,0x00,0x0f,0xff,0xfa,
    0x00,0x00,0x2c,0x00,0x00,0x00,0x2c,0x00,0x00,0x00,0x00,0x00,0x00,0x0f,0xff,0xfa,0x00,0x3c,0xc7,0x22,0x4b,0x05,0xb2,0x5f,
    0xcb,0x00,0x00,0x00,0x00,0x00,0x00,0x00,0x00,0x00,0x00,0x2b,0xb9,0x00,0x03,0xd8,0x00,0x23,0x1f,0x10,0x2c,0xc9,0x00,0x00,
    0x00,0x00,0x00,0x00,0x00,0x00,0x00,0x00,0x00,0x00,0x00,0x00,0x00,0x00,0x0b,0x30,0x00,0x00,0x00,0x00,0x00,0x00,0x00,0x00,
    0x00,0x00,0x00,0x00,0x00,0x00,0x4c,0x00,0xc4,0x4c,0x00,0xc4,0x4c,0x00,0xc4,0x4c,0x00,0xc4,0x4e,0x11,0xe5,0x4d,0xcc,0x8d,
    0x4c,0x00,0x00,0x4c,0x00,0x00,0x08,0xef,0xf3,0x5f,0xf5,0xc3,0x7f,0xf5,0xc3,0x5f,0xf5,0xc3,0x08,0xf5,0xc3,0x00,0x00,0xc3,
    0x00,0x00,0xc3,0x00,0x00,0xc3,0x1d,0x10,0x00,0x00,0x00,0x00,0x00,0x00,0x08,0x00,0x02,0x70,0x1a,0x50,0x4d,0x80,0x26,0x80,
    0x06,0x80,0x06,0x80,0x00,0x00,0x00,0x00,0x00,0x00,0x00,0x00,0x00,0x00,0x1b,0xba,0x00,0x87,0x09,0x60,0x86,0x09,0x60,0x1b,
    0xba,0x10,0x00,0x00,0x00,0x00,0x00,0x00,0x00,0x00,0x00,0x00,0x00,0x00,0x4d,0x4d,0x20,0x07,0xb6,0xc0,0x00,0xd5,0xc6,0x07,
    0xb6,0xc0,0x4d,0x4d,0x20,0x00,0x00,0x00,0x00,0x00,0x05,0x80,0x6e,0x30,0x1c,0x10,0x2a,0x30,0x94,0x00,0x0a,0x33,0xa0,0x72,
    0x0a,0x3c,0x25,0xd4,0x00,0x76,0x1b,0x84,0x02,0xb0,0x4c,0xda,0x0b,0x30,0x00,0x84,0x00,0x00,0x05,0x80,0x00,0x6e,0x30,0x1c,
    0x10,0x00,0x2a,0x30,0x94,0x00,0x00,0x0a,0x33,0xa4,0xea,0x00,0x0a,0x3c,0x25,0x3d,0x10,0x00,0x76,0x00,0x4a,0x00,0x02,0xb0,
    0x02,0xc1,0x00,0x0b,0x30,0x09,0xff,0x20,0x2d,0xc1,0x00,0x95,0x00,0x23,0xa4,0x03,0xa0,0x00,0x08,0xd1,0x0b,0x20,0x00,0x22,
    0x96,0x77,0x17,0x10,0x3e,0xd4,0xb0,0x9e,0x10,0x00,0x0a,0x33,0xab,0x10,0x00,0x58,0x07,0xce,0x70,0x01,0xc1,0x00,0x0b,0x10,
    0x00,0x96,0x00,0x00,0x00,0x00,0x00,0xa5,0x00,0x04,0xe2,0x00,0x2e,0x50,0x00,0x7a,0x01,0x30,0x6c,0x17,0xb0,0x09,0xec,0x20,
    0x00,0x59,0x00,0x00,0x00,0x00,0x00,0x00,0x00,0x5f,0x50,0x00,0x00,0xab,0xa0,0x00,0x00,0xe4,0xf1,0x00,0x04,0xd0,0xc5,0x00,
    0x09,0x90,0x8a,0x00,0x0e,0xff,0xff,0x10,0x4e,0x00,0x0d,0x50,0x99,0x00,0x08,0xa0,0x00,0x08,0x60,0x00,0x00,0x00,0x00,0x00,
    0x00,0x5f,0x50,0x00,0x00,0xab,0xa0,0x00,0x00,0xe4,0xf1,0x00,0x04,0xd0,0xc5,0x00,0x09,0x90,0x8a,0x00,0x0e,0xff,0xff,0x10,
    0x4e,0x00,0x0d,0x50,0x99,0x00,0x08,0xa0,0x00,0x17,0x20,0x00,0x00,0xb6,0xb0,0x00,0x00,0x00,0x00,0x00,0x00,0x5f,0x50,0x00,
    0x00,0xab,0xa0,0x00,0x00,0xe4,0xf1,0x00,0x04,0xd0,0xc5,0x00,0x09,0x90,0x8a,0x00,0x0e,0xff,0xff,0x10,0x4e,0x00,0x0d,0x50,
    0x99,0x00,0x08,0xa0,0x00,0x8b,0x90,0x00,0x00,0x00,0x00,0x00,0x00,0x5f,0x50,0x00,0x00,0xab,0xa0,0x00,0x00,0xe4,0xf1,0x00,
    0x04,0xd0,0xc5,0x00,0x09,0x90,0x8a,0x00,0x0e,0xff,0xff,0x10,0x4e,0x00,0x0d,0x50,0x99,0x00,0x08,0xa0,0x01,0xc0,0xc1,0x00,
    0x00,0x00,0x00,0x00,0x00,0x5f,0x50,0x00,0x00,0xab,0xa0,0x00,0x00,0xe4,0xf1,0x00,0x04,0xd0,0xc5,0x00,0x09,0x90,0x8a,0x00,
    0x0e,0xff,0xff,0x10,0x4e,0x00,0x0d,0x50,0x99,0x00,0x08,0xa0,0x00,0x5e,0x60,0x00,0x00,0xb2,0xb0,0x00,0x00,0x5e,0x60,0x00,
    0x00,0x5f,0x50,0x00,0x00,0xab,0xa0,0x00,0x00,0xe4,0xf1,0x00,0x04,0xd0,0xc5,0x00,0x09,0x90,0x8a,0x00,0x0e,0xff,0xff,0x10,
    0x4e,0x00,0x0d,0x50,0x99,0x00,0x08,0xa0,0x00,0x09,0xdf,0xff,0xf5,0x00,0x1e,0x4e,0x00,0x00,0x00,0x7b,0x2e,0x00,0x00,0x00,
    0xd5,0x2e,0x00,0x00,0x04,0xe0,0x2f,0xff,0xf2,0x0b,0xff,0xfe,0x00,0x00,0x2f,0x20,0x2e,0x00,0x00,0x8a,0x00,0x2f,0xff,0xf6,
    0x01,0xae,0xe7,0x00,0x0c,0x91,0x2c,0x70,0x4d,0x00,0x03,0x70,0x6a,0x00,0x00,0x00,0x6a,0x00,0x00,0x00,0x4d,0x00,0x03,0x60,
    0x0c,0x81,0x2c,0x70,0x01,0xaf,0xf7,0x00,0x00,0x00,0x90,0x00,0x00,0x07,0x90,0x00,0x00,0xa3,0x00,0x00,0x00,0x00,0x3f,0xff,
    0xf6,0x3e,0x00,0x00,0x3e,0x00,0x00,0x3e,0x00,0x00,0x3f,0xff,0xf2,0x3e,0x00,0x00,0x3e,0x00,0x00,0x3f,0xff,0xf6,0x00,0x1b,
    0x20,0x00,0x00,0x00,0x3f,0xff,0xf6,0x3e,0x00,0x00,0x3e,0x00,0x00,0x3e,0x00,0x00,0x3f,0xff,0xf2,0x3e,0x00,0x00,0x3e,0x00,
    0x00,0x3f,0xff,0xf6,0x00,0x46,0x00,0x03,0xb9,0x60,0x00,0x00,0x00,0x3f,0xff,0xf6,0x3e,0x00,0x00,0x3e,0x00,0x00,0x3e,0x00,
    0x00,0x3f,0xff,0xf2,0x3e,0x00,0x00,0x3e,0x00,0x00,0x3f,0xff,0xf6,0x05,0x84,0x90,0x00,0x00,0x00,0x3f,0xff,0xf6,0x3e,0x00,
    0x00,0x3e,0x00,0x00,0x3e,0x00,0x00,0x3f,0xff,0xf2,0x3e,0x00,0x00,0x3e,0x00,0x00,0x3f,0xff,0xf6,0x77,0x00,0x00,0x00,0x3e,
    0x00,0x3e,0x00,0x3e,0x00,0x3e,0x00,0x3e,0x00,0x3e,0x00,0x3e,0x00,0x3e,0x00,0x0a,0x40,0x00,0x00,0x3e,0x00,0x3e,0x00,0x3e,
    0x00,0x3e,0x00,0x3e,0x00,0x3e,0x00,0x3e,0x00,0x3e,0x00,0x02,0x70,0x00,0x1c,0x7a,0x00,0x00,0x00,0x00,0x03,0xe0,0x00,0x03,
    0xe0,0x00,0x03,0xe0,0x00,0x03,0xe0,0x00,0x03,0xe0,0x00,0x03,0xe0,0x00,0x03,0xe0,0x00,0x03,0xe0,0x00,0x2b,0x1c,0x00,0x00,
    0x00,0x00,0x03,0xe0,0x00,0x03,0xe0,0x00,0x03,0xe0,0x00,0x03,0xe0,0x00,0x03,0xe0,0x00,0x03,0xe0,0x00,0x03,0xe0,0x00,0x03,
    0xe0,0x00,0x0f,0xff,0xc5,0x00,0x0f,0x20,0x4e,0x40,0x0f,0x20,0x07,0xa0,0x0f,0x20,0x04,0xd0,0xdf,0xfe,0x04,0xd0,0x0f,0x20,
    0x07,0xa0,0x0f,0x20,0x4e,0x40,0x0f,0xff,0xc5,0x00,0x00,0x6b,0xa1,0x00,0x00,0x00,0x00,0x00,0x3f,0x60,0x06,0xc0,0x3e,0xe1,
    0x06,0xc0,0x3d,0xb8,0x06,0xc0,0x3e,0x3e,0x26,0xc0,0x3e,0x09,0xa6,0xc0,0x3e,0x01,0xe8,0xc0,0x3e,0x00,0x6e,0xc0,0x3e,0x00,
    0x0c,0xc0,0x00,0x2b,0x10,0x00,0x00,0x00,0x00,0x00,0x01,0xae,0xd7,0x00,0x0c,0x91,0x2c,0x70,0x4d,0x00,0x04,0xd0,0x6a,0x00,
    0x00,0xf1,0x6a,0x00,0x00,0xf1,0x4d,0x00,0x04,0xd0,0x0c,0x81,0x2c,0x70,0x01,0xae,0xe7,0x00,0x00,0x04,0xa0,0x00,0x00,0x00,
    0x00,0x00,0x01,0xae,0xd7,0x00,0x0c,0x91,0x2c,0x70,0x4d,0x00,0x04,0xd0,0x6a,0x00,0x00,0xf1,0x6a,0x00,0x00,0xf1,0x4d,0x00,
    0x04,0xd0,0x0c,0x81,0x2c,0x70,0x01,0xae,0xe7,0x00,0x00,0x06,0x40,0x00,0x00,0x78,0xc3,0x00,0x00,0x00,0x00,0x00,0x01,0xae,
    0xd7,0x00,0x0c,0x91,0x2c,0x70,0x4d,0x00,0x04,0xd0,0x6a,0x00,0x00,0xf1,0x6a,0x00,0x00,0xf1,0x4d,0x00,0x04,0xd0,0x0c,0x81,
    0x2c,0x70,0x01,0xae,0xe7,0x00,0x00,0x5b,0xb2,0x00,0x00,0x00,0x00,0x00,0x01,0xae,0xd7,0x00,0x0c,0x91,0x2c,0x70,0x4d,0x00,
    0x04,0xd0,0x6a,0x00,0x00,0xf1,0x6a,0x00,0x00,0xf1,0x4d,0x00,0x04,0xd0,0x0c,0x81,0x2c,0x70,0x01,0xae,0xe7,0x00,0x00,0x94,
    0x85,0x00,0x00,0x00,0x00,0x00,0x01,0xae,0xd7,0x00,0x0c,0x91,0x2c,0x70,0x4d,0x00,0x04,0xd0,0x6a,0x00,0x00,0xf1,0x6a,0x00,
    0x00,0xf1,0x4d,0x00,0x04,0xd0,0x0c,0x81,0x2c,0x70,0x01,0xae,0xe7,0x00,0x01,0x00,0x01,0x00,0x0c,0x60,0xa7,0x00,0x02,0xdc,
    0xa0,0x00,0x00,0xaf,0x60,0x00,0x0a,0xa2,0xd6,0x00,0x04,0x00,0x22,0x00,0x01,0xae,0xd8,0x30,0x0c,0x91,0x2f,0xc0,0x4d,0x00,
    0x5d,0xd0,0x6a,0x02,0xc1,0xf1,0x6a,0x0b,0x40,0xf1,0x4d,0x78,0x04,0xd0,0x0e,0xf1,0x2c,0x70,0x0d,0xde,0xe7,0x00,0x01,0x00,
    0x00,0x00,0x00,0x3b,0x00,0x00,0x00,0x00,0x00,0x00,0x3e,0x00,0x08,0x90,0x3e,0x00,0x08,0x90,0x3e,0x00,0x08,0x90,0x3e,0x00,
    0x08,0x90,0x3e,0x00,0x08,0x90,0x2f,0x00,0x09,0x80,0x0d,0x70,0x3e,0x40,0x02,0xbe,0xd6,0x00,0x00,0x06,0x80,0x00,0x00,0x00,
    0x00,0x00,0x3e,0x00,0x08,0x90,0x3e,0x00,0x08,0x90,0x3e,0x00,0x08,0x90,0x3e,0x00,0x08,0x90,0x3e,0x00,0x08,0x90,0x2f,0x00,
    0x09,0x80,0x0d,0x70,0x3e,0x40,0x02,0xbe,0xd6,0x00,0x00,0x07,0x30,0x00,0x00,0x97,0xc1,0x00,0x00,0x00,0x00,0x00,0x3e,0x00,
    0x08,0x90,0x3e,0x00,0x08,0x90,0x3e,0x00,0x08,0x90,0x3e,0x00,0x08,0x90,0x3e,0x00,0x08,0x90,0x2f,0x00,0x09,0x80,0x0d,0x70,
    0x3e,0x40,0x02,0xbe,0xd6,0x00,0x00,0xb2,0xa3,0x00,0x00,0x00,0x00,0x00,0x3e,0x00,0x08,0x90,0x3e,0x00,0x08,0x90,0x3e,0x00,
    0x08,0x90,0x3e,0x00,0x08,0x90,0x3e,0x00,0x08,0x90,0x2f,0x00,0x09,0x80,0x0d,0x70,0x3e,0x40,0x02,0xbe,0xd6,0x00,0x00,0x09,
    0x50,0x00,0x00,0x00,0x00,0x00,0x7c,0x00,0x0c,0x70,0x1d,0x50,0x6d,0x00,0x06,0xd0,0xd5,0x00,0x00,0xca,0xc0,0x00,0x00,0x4f,
    0x40,0x00,0x00,0x1f,0x10,0x00,0x00,0x1f,0x10,0x00,0x00,0x1f,0x10,0x00,0x4d,0x00,0x00,0x4d,0x00,0x00,0x4f,0xfe,0xa1,0x4d,
    0x01,0xa8,0x4d,0x00,0x98,0x4f,0xfe,0xa1,0x4d,0x00,0x00,0x4d,0x00,0x00,0x06,0xee,0x70,0x1f,0x32,0xe3,0x3d,0x00,0xc5,0x3d,
    0x02,0xd1,0x3d,0x3f,0xb1,0x3d,0x00,0x8a,0x3d,0x00,0x8b,0x3d,0x4e,0xc2,0x03,0xb0,0x00,0x00,0x00,0x00,0x09,0xed,0x40,0x39,
    0x15,0xd0,0x03,0x7a,0xe0,0x5c,0x64,0xe0,0x89,0x17,0xe0,0x2c,0xe8,0xe0,0x00,0x59,0x00,0x00,0x00,0x00,0x09,0xed,0x40,0x39,
    0x15,0xd0,0x03,0x7a,0xe0,0x5c,0x64,0xe0,0x89,0x17,0xe0,0x2c,0xe8,0xe0,0x00,0x73,0x00,0x08,0x8c,0x20,0x00,0x00,0x00,0x09,
    0xed,0x40,0x39,0x15,0xd0,0x03,0x7a,0xe0,0x5c,0x64,0xe0,0x89,0x17,0xe0,0x2c,0xe8,0xe0,0x06,0xba,0x10,0x00,0x00,0x00,0x09,
    0xed,0x40,0x39,0x15,0xd0,0x03,0x7a,0xe0,0x5c,0x64,0xe0,0x89,0x17,0xe0,0x2c,0xe8,0xe0,0x0a,0x39,0x40,0x00,0x00,0x00,0x09,
    0xed,0x40,0x39,0x15,0xd0,0x03,0x7a,0xe0,0x5c,0x64,0xe0,0x89,0x17,0xe0,0x2c,0xe8,0xe0,0x02,0xd9,0x00,0x07,0x5b,0x00,0x03,
    0xd9,0x00,0x09,0xed,0x40,0x39,0x15,0xd0,0x03,0x7a,0xe0,0x5c,0x64,0xe0,0x89,0x17,0xe0,0x2c,0xe8,0xe0,0x0a,0xed,0x5c,0xea,
    0x10,0x26,0x14,0xf3,0x09,0x80,0x1a,0xef,0xff,0xff,0xa0,0x7a,0x12,0xe0,0x00,0x00,0x7a,0x18,0xf5,0x1a,0x60,0x1c,0xea,0x3d,
    0xea,0x10,0x07,0xee,0x70,0x3e,0x22,0xd2,0x7a,0x00,0x00,0x7a,0x00,0x00,0x3e,0x22,0xd2,0x07,0xff,0x70,0x00,0x08,0x10,0x00,
    0x5a,0x10,0x01,0xb2,0x00,0x00,0x00,0x00,0x07,0xee,0x70,0x3c,0x11,0xd3,0x7f,0xff,0xf6,0x79,0x00,0x00,0x3e,0x22,0xc2,0x07,
    0xee,0x80,0x00,0x2b,0x10,0x00,0x00,0x00,0x07,0xee,0x70,0x3c,0x11,0xd3,0x7f,0xff,0xf6,0x79,0x00,0x00,0x3e,0x22,0xc2,0x07,
    0xee,0x80,0x00,0x55,0x00,0x05,0xab,0x40,0x00,0x00,0x00,0x07,0xee,0x70,0x3c,0x11,0xd3,0x7f,0xff,0xf6,0x79,0x00,0x00,0x3e,
    0x22,0xc2,0x07,0xee,0x80,0x08,0x56,0x70,0x00,0x00,0x00,0x07,0xee,0x70,0x3c,0x11,0xd3,0x7f,0xff,0xf6,0x79,0x00,0x00,0x3e,
    0x22,0xc2,0x07,0xee,0x80,0x09,0x50,0x00,0x00,0x04,0xc0,0x04,0xc0,0x04,0xc0,0x04,0xc0,0x04,0xc0,0x04,0xc0,0x0b,0x30,0x00,
    0x00,0x4c,0x00,0x4c,0x00,0x4c,0x00,0x4c,0x00,0x4c,0x00,0x4c,0x00,0x03,0x70,0x2c,0x78,0x00,0x00,0x04,0xc0,0x04,0xc0,0x04,
    0xc0,0x04,0xc0,0x04,0xc0,0x04,0xc0,0x49,0x2a,0x00,0x00,0x04,0xc0,0x04,0xc0,0x04,0xc0,0x04,0xc0,0x04,0xc0,0x04,0xc0,0x04,
    0x61,0x40,0x01,0xde,0x30,0x04,0x4a,0x70,0x07,0xeb,0xd0,0x3e,0x23,0xf4,0x79,0x00,0xb6,0x79,0x00,0xa5,0x3e,0x22,0xe1,0x07,
    0xee,0x50,0x03,0xbb,0x30,0x00,0x00,0x00,0x4b,0xae,0x90,0x4e,0x32,0xe3,0x4c,0x00,0xc4,0x4c,0x00,0xc4,0x4c,0x00,0xc4,0x4c,
    0x00,0xc4,0x01,0xb2,0x00,0x00,0x00,0x00,0x07,0xee,0x70,0x3e,0x22,0xe4,0x7a,0x00,0x98,0x7a,0x00,0x98,0x3e,0x22,0xe4,0x07,
    0xee,0x70,0x00,0x2b,0x10,0x00,0x00,0x00,0x07,0xee,0x70,0x3e,0x22,0xe4,0x7a,0x00,0x98,0x7a,0x00,0x98,0x3e,0x22,0xe4,0x07,
    0xee,0x70,0x00,0x55,0x00,0x05,0xaa,0x50,0x00,0x00,0x00,0x07,0xee,0x70,0x3e,0x22,0xe4,0x7a,0x00,0x98,0x7a,0x00,0x98,0x3e,
    0x22,0xe4,0x07,0xee,0x70,0x03,0xbb,0x40,0x00,0x00,0x00,0x07,0xee,0x70,0x3e,0x22,0xe4,0x7a,0x00,0x98,0x7a,0x00,0x98,0x3e,
    0x22,0xe4,0x07,0xee,0x70,0x07,0x65,0x70,0x00,0x00,0x00,0x07,0xee,0x70,0x3e,0x22,0xe4,0x7a,0x00,0x98,0x7a,0x00,0x98,0x3e,
    0x22,0xe4,0x07,0xee,0x70,0x00,0x3c,0x00,0x00,0x00,0x00,0x00,0x00,0x0f,0xff,0xfa,0x00,0x00,0x00,0x00,0x00,0x00,0x3c,0x00,
    0x00,0x00,0x00,0x00,0x00,0x07,0xee,0x94,0x3e,0x23,0xf5,0x7a,0x0a,0xc8,0x7a,0x94,0x98,0x3f,0x82,0xe4,0x5f,0xee,0x70,0x10,
    0x00,0x00,0x01,0xb2,0x00,0x00,0x00,0x00,0x4c,0x00,0xc4,0x4c,0x00,0xc4,0x4c,0x00,0xc4,0x4c,0x00,0xc4,0x3e,0x23,0xe4,0x09,
    0xeb,0xb4,0x00,0x2b,0x10,0x00,0x00,0x00,0x4c,0x00,0xc4,0x4c,0x00,0xc4,0x4c,0x00,0xc4,0x4c,0x00,0xc4,0x3e,0x23,0xe4,0x09,
    0xeb,0xb4,0x00,0x55,0x00,0x05,0xaa,0x40,0x00,0x00,0x00,0x4c,0x00,0xc4,0x4c,0x00,0xc4,0x4c,0x00,0xc4,0x4c,0x00,0xc4,0x3e,
    0x23,0xe4,0x09,0xeb,0xb4,0x07,0x66,0x70,0x00,0x00,0x00,0x4c,0x00,0xc4,0x4c,0x00,0xc4,0x4c,0x00,0xc4,0x4c,0x00,0xc4,0x3e,
    0x23,0xe4,0x09,0xeb,0xb4,0x00,0x3a,0x00,0x00,0x00,0x00,0x98,0x00,0xc5,0x4d,0x02,0xe1,0x0d,0x37,0x90,0x08,0x8c,0x40,0x03,
    0xdd,0x00,0x00,0xd8,0x00,0x01,0xd3,0x00,0x3f,0x80,0x00,0x4c,0x00,0x00,0x4c,0x00,0x00,0x4c,0xae,0xa0,0x4f,0x41,0xc7,0x4d,
    0x00,0x7a,0x4d,0x00,0x7a,0x4f,0x41,0xc6,0x4c,0xae,0xa0,0x4c,0x00,0x00,0x4c,0x00,0x00,0x09,0x48,0x50,0x00,0x00,0x00,0x98,
    0x00,0xc5,0x4d,0x02,0xe1,0x0d,0x37,0x90,0x08,0x8c,0x40,0x03,0xdd,0x00,0x00,0xd8,0x00,0x01,0xd3,0x00,0x3f,0x80,0x00,0xff,
    0xff,0xf0,0x00,0x00,0x00,0x00,0x00,0x00,0x00,0x00,0x00,0xff,0xff,0xff,0xff,0xff,0x00,0x00,0x00,0x00,0x00,0x00,0x00,0x00,
    0x00,0x00,0x00,0x00,0x00,0x00,0x00,0x08,0x50,0x0c,0x20,0x1f,0x00,0x00,0x00,0x00,0x00,0x00,0x00,0x00,0x00,0x00,0x00,0x0d,
    0x40,0x0e,0x00,0x2b,0x00,0x00,0x00,0x00,0x00,0x00,0x00,0x00,0x00,0x00,0x00,0x08,0x59,0x40,0x0c,0x2d,0x20,0x1f,0x2f,0x00,
    0x00,0x00,0x00,0x00,0x00,0x00,0x00,0x00,0x00,0x00,0x00,0x00,0x00,0x00,0x00,0x0d,0x4e,0x30,0x0e,0x1e,0x00,0x2b,0x3a,0x00,
    0x00,0x00,0x00,0x00,0x00,0x00,0x00,0x00,0x00,0x00,0x00,0x00,0x00,0x00,0x00,0x06,0xea,0x00,0x0c,0xff,0x20,0x06,0xea,0x00,
    0x00,0x00,0x00,0x1d,0x11,0xc2,0x0c,0x20,
};
static const pod_glyph_t pod_font_small_g[199] = {
    {0x0020,0,0,0,0,0,43},
    {0x0021,0,3,8,0,2,49},
    {0x0022,16,5,8,0,2,79},
    {0x0023,40,7,8,0,2,102},
    {0x0024,72,6,10,0,1,103},
    {0x0025,102,10,8,0,2,159},
    {0x0026,142,7,8,0,2,104},
    {0x0027,174,3,8,0,2,50},
    {0x0028,190,4,10,0,1,59},
    {0x0029,210,4,10,0,1,59},
    {0x002a,230,5,8,0,2,83},
    {0x002b,254,7,6,0,4,107},
    {0x002c,278,3,3,0,8,48},
    {0x002d,284,5,4,0,6,74},
    {0x002e,296,3,1,0,9,48},
    {0x002f,298,4,10,0,1,59},
    {0x0030,318,6,8,0,2,103},
    {0x0031,342,4,8,0,2,66},
    {0x0032,358,6,8,0,2,98},
    {0x0033,382,6,8,0,2,100},
    {0x0034,406,7,8,0,2,105},
    {0x0035,438,6,8,0,2,96},
    {0x0036,462,6,8,0,2,101},
    {0x0037,486,6,8,0,2,92},
    {0x0038,510,6,8,0,2,101},
    {0x0039,534,6,8,0,2,101},
    {0x003a,558,3,5,0,5,48},
    {0x003b,568,3,6,0,5,50},
    {0x003c,580,7,6,0,4,107},
    {0x003d,604,7,4,0,6,107},
    {0x003e,620,7,6,0,4,107},
    {0x003f,644,5,8,0,2,84},
    {0x0040,668,10,10,0,2,157},
    {0x0041,718,7,8,0,2,114},
    {0x0042,750,7,8,0,2,105},
    {0x0043,782,7,8,0,2,117},
    {0x0044,814,7,8,0,2,116},
    {0x0045,846,6,8,0,2,96},
    {0x0046,870,6,8,0,2,94},
    {0x0047,894,7,8,0,2,120},
    {0x0048,926,7,8,0,2,119},
    {0x0049,958,3,8,0,2,44},
    {0x004a,974,6,8,0,2,92},
    {0x004b,998,7,8,0,2,110},
    {0x004c,1030,6,8,0,2,90},
    {0x004d,1054,9,8,0,2,146},
    {0x004e,1094,8,8,0,2,121},
    {0x004f,1126,8,8,0,2,123},
    {0x0050,1158,6,8,0,2,103},
    {0x0051,1182,8,9,0,2,123},
    {0x0052,1218,7,8,0,2,104},
    {0x0053,1250,6,8,0,2,103},
    {0x0054,1274,7,8,0,2,104},
    {0x0055,1306,7,8,0,2,118},
    {0x0056,1338,7,8,0,2,114},
    {0x0057,1370,10,8,0,2,160},
    {0x0058,1410,7,8,0,2,112},
    {0x0059,1442,7,8,0,2,112},
    {0x005a,1474,6,8,0,2,102},
    {0x005b,1498,4,10,0,1,59},
    {0x005c,1518,4,10,0,1,59},
    {0x005d,1538,4,10,0,1,59},
    {0x005e,1558,5,8,0,2,76},
    {0x005f,1582,5,1,0,10,74},
    {0x0060,1585,3,8,0,2,54},
    {0x0061,1601,6,6,0,4,91},
    {0x0062,1619,6,8,0,2,99},
    {0x0063,1643,6,6,0,4,92},
    {0x0064,1661,6,8,0,2,99},
    {0x0065,1685,6,6,0,4,94},
    {0x0066,1703,4,8,0,2,61},
    {0x0067,1719,6,8,0,4,99},
    {0x0068,1743,6,8,0,2,96},
    {0x0069,1767,3,8,0,2,40},
    {0x006a,1783,4,10,-1,2,40},
    {0x006b,1803,6,8,0,2,90},
    {0x006c,1827,3,8,0,2,40},
    {0x006d,1843,9,6,0,4,142},
    {0x006e,1873,6,6,0,4,96},
    {0x006f,1891,6,6,0,4,97},
    {0x0070,1909,6,8,0,4,99},
    {0x0071,1933,6,8,0,4,99},
    {0x0072,1957,4,6,0,4,62},
    {0x0073,1969,5,6,0,4,86},
    {0x0074,1987,4,8,0,2,54},
    {0x0075,2003,6,6,0,4,96},
    {0x0076,2021,6,6,0,4,92},
    {0x0077,2039,9,6,0,4,133},
    {0x0078,2069,6,6,0,4,89},
    {0x0079,2087,6,8,0,4,92},
    {0x007a,2111,6,6,0,4,90},
    {0x007b,2129,4,10,0,2,70},
    {0x007c,2149,3,13,0,0,55},
    {0x007d,2175,4,10,0,2,70},
    {0x007e,2195,7,4,0,6,107},
    {0x00a0,2211,0,0,0,0,43},
    {0x00a1,2211,3,7,0,4,49},
    {0x00a2,2225,6,8,0,2,92},
    {0x00a3,2249,6,8,0,2,99},
    {0x00a4,2273,7,9,0,2,118},
    {0x00a5,2309,6,8,0,2,89},
    {0x00a6,2333,3,10,0,2,47},
    {0x00a7,2353,6,10,0,2,91},
    {0x00a8,2383,6,8,0,2,96},
    {0x00a9,2407,9,8,0,2,146},
    {0x00aa,2447,5,8,0,2,73},
    {0x00ab,2471,6,6,0,4,97},
    {0x00ac,2489,7,4,0,6,107},
    {0x00ad,2505,0,0,0,0,0},
    {0x00ae,2505,7,8,0,2,106},
    {0x00af,2537,5,8,0,2,74},
    {0x00b0,2561,5,8,0,2,73},
    {0x00b1,2585,7,6,0,4,107},
    {0x00b2,2609,4,9,0,1,72},
    {0x00b3,2627,5,9,0,1,73},
    {0x00b4,2654,3,8,0,2,54},
    {0x00b5,2670,6,8,0,4,96},
    {0x00b6,2694,6,8,0,2,96},
    {0x00b7,2718,3,4,0,6,48},
    {0x00b8,2726,3,3,0,9,48},
    {0x00b9,2732,3,9,0,1,50},
    {0x00ba,2750,5,8,0,2,78},
    {0x00bb,2774,6,6,0,4,97},
    {0x00bc,2792,8,8,0,2,131},
    {0x00bd,2824,9,8,0,2,137},
    {0x00be,2864,9,8,0,2,143},
    {0x00bf,2904,5,8,0,4,84},
    {0x00c0,2928,7,10,0,0,114},
    {0x00c1,2968,7,10,0,0,114},
    {0x00c2,3008,7,11,0,-1,114},
    {0x00c3,3052,7,10,0,0,114},
    {0x00c4,3092,7,10,0,0,114},
    {0x00c5,3132,7,11,0,-1,114},
    {0x00c6,3176,10,8,0,2,160},
    {0x00c7,3216,7,10,0,2,117},
    {0x00c8,3256,6,10,0,0,96},
    {0x00c9,3286,6,10,0,0,96},
    {0x00ca,3316,6,11,0,-1,96},
    {0x00cb,3349,6,10,0,0,96},
    {0x00cc,3379,3,10,0,0,44},
    {0x00cd,3399,3,10,0,0,44},
    {0x00ce,3419,5,11,-1,-1,44},
    {0x00cf,3452,5,10,-1,0,44},
    {0x00d0,3482,7,8,0,2,119},
    {0x00d1,3514,8,10,0,0,121},
    {0x00d2,3554,8,10,0,0,123},
    {0x00d3,3594,8,10,0,0,123},
    {0x00d4,3634,8,11,0,-1,123},
    {0x00d5,3678,8,10,0,0,123},
    {0x00d6,3718,8,10,0,0,123},
    {0x00d7,3758,7,6,0,4,107},
    {0x00d8,3782,8,9,0,2,123},
    {0x00d9,3818,7,10,0,0,118},
    {0x00da,3858,7,10,0,0,118},
    {0x00db,3898,7,11,0,-1,118},
    {0x00dc,3942,7,10,0,0,118},
    {0x00dd,3982,7,10,0,0,112},
    {0x00de,4022,6,8,0,2,104},
    {0x00df,4046,6,8,0,2,101},
    {0x00e0,4070,6,8,0,2,91},
    {0x00e1,4094,6,8,0,2,91},
    {0x00e2,4118,6,9,0,1,91},
    {0x00e3,4145,6,8,0,2,91},
    {0x00e4,4169,6,8,0,2,91},
    {0x00e5,4193,6,9,0,1,91},
    {0x00e6,4220,9,6,0,4,146},
    {0x00e7,4250,6,8,0,4,92},
    {0x00e8,4274,6,8,0,2,94},
    {0x00e9,4298,6,8,0,2,94},
    {0x00ea,4322,6,9,0,1,94},
    {0x00eb,4349,6,8,0,2,94},
    {0x00ec,4373,4,8,-1,2,40},
    {0x00ed,4389,3,8,0,2,40},
    {0x00ee,4405,4,9,-1,1,40},
    {0x00ef,4423,4,8,-1,2,40},
    {0x00f0,4439,6,9,0,1,94},
    {0x00f1,4466,6,8,0,2,96},
    {0x00f2,4490,6,8,0,2,97},
    {0x00f3,4514,6,8,0,2,97},
    {0x00f4,4538,6,9,0,1,97},
    {0x00f5,4565,6,8,0,2,97},
    {0x00f6,4589,6,8,0,2,97},
    {0x00f7,4613,7,6,0,4,107},
    {0x00f8,4637,6,7,0,4,97},
    {0x00f9,4658,6,8,0,2,96},
    {0x00fa,4682,6,8,0,2,96},
    {0x00fb,4706,6,9,0,1,96},
    {0x00fc,4733,6,8,0,2,96},
    {0x00fd,4757,6,10,0,2,92},
    {0x00fe,4787,6,10,0,2,99},
    {0x00ff,4817,6,10,0,2,92},
    {0x2013,4847,5,4,0,6,80},
    {0x2014,4859,10,4,0,6,160},
    {0x2018,4879,3,8,0,2,44},
    {0x2019,4895,3,8,0,2,44},
    {0x201c,4911,5,8,0,2,76},
    {0x201d,4935,5,8,0,2,75},
    {0x2022,4959,5,4,0,6,85},
    {0x2026,4971,9,1,0,9,146},
};
const pod_font_t pod_font_small = { pod_font_small_g, pod_font_small_bm, 199, 10, 13 };

